{"v":"5.1.16","fr":25,"ip":0,"op":250,"w":500,"h":500,"nm":"Timer","ddd":0,"assets":[{"id":"comp_0","layers":[{"ddd":0,"ind":1,"ty":4,"nm":"! Outlines","sr":1,"ks":{"o":{"a":0,"k":100,"ix":11},"r":{"a":0,"k":0,"ix":10},"p":{"a":0,"k":[328,333,0],"ix":2},"a":{"a":0,"k":[33,-73,0],"ix":1},"s":{"a":1,"k":[{"i":{"x":[0.21,0.21,0.21],"y":[1,1,1]},"o":{"x":[0.29,0.29,0.29],"y":[0,0,0]},"n":["0p21_1_0p29_0","0p21_1_0p29_0","0p21_1_0p29_0"],"t":258,"s":[0,0,100],"e":[100,100,100]},{"t":261}],"ix":6}},"ao":0,"shapes":[{"ty":"gr","it":[{"ind":0,"ty":"sh","ix":1,"ks":{"a":0,"k":{"i":[[0,0],[0,0],[0,0],[0,0],[0,0],[0,0]],"o":[[0,0],[0,0],[0,0],[0,0],[0,0],[0,0]],"v":[[24.721,-55.107],[48.649,-55.107],[62.667,-148.645],[62.667,-169.189],[10.46,-169.189],[10.46,-148.645]],"c":true},"ix":2},"nm":"!","mn":"ADBE Vector Shape - Group","hd":false},{"ind":1,"ty":"sh","ix":2,"ks":{"a":0,"k":{"i":[[0,0],[0,0],[0,0],[0,0]],"o":[[0,0],[0,0],[0,0],[0,0]],"v":[[12.877,0],[60.492,0],[60.492,-41.089],[12.877,-41.089]],"c":true},"ix":2},"nm":"!","mn":"ADBE Vector Shape - Group","hd":false},{"ty":"mm","mm":1,"nm":"Merge Paths 1","mn":"ADBE Vector Filter - Merge","hd":false},{"ty":"fl","c":{"a":0,"k":[0.9607843137254902,0.3058823529411765,0.33725490196078434,1],"ix":4},"o":{"a":0,"k":100,"ix":5},"r":1,"nm":"Fill 1","mn":"ADBE Vector Graphic - Fill","hd":false},{"ty":"tr","p":{"a":0,"k":[0,0],"ix":2},"a":{"a":0,"k":[0,0],"ix":1},"s":{"a":0,"k":[100,100],"ix":3},"r":{"a":0,"k":0,"ix":6},"o":{"a":0,"k":100,"ix":7},"sk":{"a":0,"k":0,"ix":4},"sa":{"a":0,"k":0,"ix":5},"nm":"Transform"}],"nm":"!","np":5,"cix":2,"ix":1,"mn":"ADBE Vector Group","hd":false}],"ip":258,"op":312,"st":-6,"bm":0},{"ddd":0,"ind":2,"ty":4,"nm":"0 Outlines","sr":1,"ks":{"o":{"a":1,"k":[{"i":{"x":[0.833],"y":[0.833]},"o":{"x":[0.167],"y":[0.167]},"n":["0p833_0p833_0p167_0p167"],"t":258,"s":[100],"e":[0]},{"t":262}],"ix":11},"r":{"a":0,"k":0,"ix":10},"p":{"a":0,"k":[330,404,0],"ix":2},"a":{"a":0,"k":[0,0,0],"ix":1},"s":{"a":0,"k":[100,100,100],"ix":6}},"ao":0,"shapes":[{"ty":"gr","it":[{"ind":0,"ty":"sh","ix":1,"ks":{"a":0,"k":{"i":[[-48.098,0],[0,47.856],[0,0],[48.098,0],[0,-47.856],[0,0]],"o":[[48.34,0],[0,0],[0,-47.856],[-48.098,0],[0,0],[0,47.856]],"v":[[0.379,3.384],[78.931,-84.595],[78.931,-85.078],[0.862,-172.573],[-77.69,-84.595],[-77.69,-84.111]],"c":true},"ix":2},"nm":"0","mn":"ADBE Vector Shape - Group","hd":false},{"ind":1,"ty":"sh","ix":2,"ks":{"a":0,"k":{"i":[[18.853,0],[0,27.07],[0,0],[-18.611,0],[0,-27.07],[0,0]],"o":[[-18.853,0],[0,0],[0,-27.07],[18.853,0],[0,0],[0,26.829]],"v":[[0.862,-38.188],[-30.558,-84.595],[-30.558,-85.078],[0.379,-131.243],[31.8,-84.595],[31.8,-84.111]],"c":true},"ix":2},"nm":"0","mn":"ADBE Vector Shape - Group","hd":false},{"ty":"mm","mm":1,"nm":"Merge Paths 1","mn":"ADBE Vector Filter - Merge","hd":false},{"ty":"fl","c":{"a":0,"k":[0.9607843137254902,0.3058823529411765,0.33725490196078434,1],"ix":4},"o":{"a":0,"k":100,"ix":5},"r":1,"nm":"Fill 1","mn":"ADBE Vector Graphic - Fill","hd":false},{"ty":"tr","p":{"a":0,"k":[0,0],"ix":2},"a":{"a":0,"k":[0,0],"ix":1},"s":{"a":0,"k":[100,100],"ix":3},"r":{"a":0,"k":0,"ix":6},"o":{"a":0,"k":100,"ix":7},"sk":{"a":0,"k":0,"ix":4},"sa":{"a":0,"k":0,"ix":5},"nm":"Transform"}],"nm":"0","np":5,"cix":2,"ix":1,"mn":"ADBE Vector Group","hd":false}],"ip":250,"op":275,"st":225,"bm":0},{"ddd":0,"ind":3,"ty":4,"nm":"1 Outlines","sr":1,"ks":{"o":{"a":0,"k":100,"ix":11},"r":{"a":0,"k":0,"ix":10},"p":{"a":0,"k":[330,404,0],"ix":2},"a":{"a":0,"k":[0,0,0],"ix":1},"s":{"a":0,"k":[100,100,100],"ix":6}},"ao":0,"shapes":[{"ty":"gr","it":[{"ind":0,"ty":"sh","ix":1,"ks":{"a":0,"k":{"i":[[0,0],[0,0],[0,0],[0,0],[0,0],[0,0],[0,0]],"o":[[0,0],[0,0],[0,0],[0,0],[0,0],[0,0],[0,0]],"v":[[-11.243,0],[34.922,0],[34.922,-170.398],[0.842,-170.398],[-48.706,-156.379],[-39.763,-120.125],[-11.243,-126.892]],"c":true},"ix":2},"nm":"1","mn":"ADBE Vector Shape - Group","hd":false},{"ty":"fl","c":{"a":0,"k":[0.9607843137254902,0.3058823529411765,0.33725490196078434,1],"ix":4},"o":{"a":0,"k":100,"ix":5},"r":1,"nm":"Fill 1","mn":"ADBE Vector Graphic - Fill","hd":false},{"ty":"tr","p":{"a":0,"k":[0,0],"ix":2},"a":{"a":0,"k":[0,0],"ix":1},"s":{"a":0,"k":[100,100],"ix":3},"r":{"a":0,"k":0,"ix":6},"o":{"a":0,"k":100,"ix":7},"sk":{"a":0,"k":0,"ix":4},"sa":{"a":0,"k":0,"ix":5},"nm":"Transform"}],"nm":"1","np":3,"cix":2,"ix":1,"mn":"ADBE Vector Group","hd":false}],"ip":225,"op":250,"st":200,"bm":0},{"ddd":0,"ind":4,"ty":4,"nm":"2 Outlines","sr":1,"ks":{"o":{"a":0,"k":100,"ix":11},"r":{"a":0,"k":0,"ix":10},"p":{"a":0,"k":[330,404,0],"ix":2},"a":{"a":0,"k":[0,0,0],"ix":1},"s":{"a":0,"k":[100,100,100],"ix":6}},"ao":0,"shapes":[{"ty":"gr","it":[{"ind":0,"ty":"sh","ix":1,"ks":{"a":0,"k":{"i":[[0,0],[0,0],[0,0],[0,0],[0,0],[0,27.07],[0,0],[36.98,0],[18.127,-23.445],[0,0],[-11.36,0],[0,-10.876],[15.71,-12.327],[0,0]],"o":[[0,0],[0,0],[0,0],[0,0],[25.137,-18.127],[0,0],[0,-31.904],[-32.629,0],[0,0],[13.293,-15.227],[11.602,0],[0,10.151],[0,0],[0,0]],"v":[[-66.903,0],[66.998,0],[66.998,-38.188],[-2.853,-38.188],[26.151,-58.491],[65.306,-117.708],[65.306,-118.191],[2.948,-172.09],[-65.936,-135.835],[-34.274,-109.49],[-0.677,-131.484],[18.417,-114.082],[-3.578,-83.628],[-66.903,-35.288]],"c":true},"ix":2},"nm":"2","mn":"ADBE Vector Shape - Group","hd":false},{"ty":"fl","c":{"a":0,"k":[0.9607843137254902,0.3058823529411765,0.33725490196078434,1],"ix":4},"o":{"a":0,"k":100,"ix":5},"r":1,"nm":"Fill 1","mn":"ADBE Vector Graphic - Fill","hd":false},{"ty":"tr","p":{"a":0,"k":[0,0],"ix":2},"a":{"a":0,"k":[0,0],"ix":1},"s":{"a":0,"k":[100,100],"ix":3},"r":{"a":0,"k":0,"ix":6},"o":{"a":0,"k":100,"ix":7},"sk":{"a":0,"k":0,"ix":4},"sa":{"a":0,"k":0,"ix":5},"nm":"Transform"}],"nm":"2","np":3,"cix":2,"ix":1,"mn":"ADBE Vector Group","hd":false}],"ip":200,"op":225,"st":175,"bm":0},{"ddd":0,"ind":5,"ty":4,"nm":"3 Outlines","sr":1,"ks":{"o":{"a":0,"k":100,"ix":11},"r":{"a":0,"k":0,"ix":10},"p":{"a":0,"k":[330,404,0],"ix":2},"a":{"a":0,"k":[0,0,0],"ix":1},"s":{"a":0,"k":[100,100,100],"ix":6}},"ao":0,"shapes":[{"ty":"gr","it":[{"ind":0,"ty":"sh","ix":1,"ks":{"a":0,"k":{"i":[[-32.629,0],[0,34.321],[0,0],[24.17,5.317],[0,0],[0,0],[0,0],[0,0],[0,0],[0,0],[0,0],[0,0],[0,-10.876],[0,0],[13.293,0],[12.085,12.327],[0,0]],"o":[[37.705,0],[0,0],[0,-29.004],[0,0],[0,0],[0,0],[0,0],[0,0],[0,0],[0,0],[0,0],[17.886,0],[0,0],[0,10.393],[-15.71,0],[0,0],[16.677,18.127]],"v":[[1.859,3.384],[67.117,-52.932],[67.117,-53.416],[23.37,-101.03],[63.734,-135.835],[63.734,-169.189],[-58.325,-169.189],[-58.325,-131.243],[6.209,-131.243],[-32.463,-96.196],[-25.937,-71.785],[-6.118,-71.785],[21.436,-54.382],[21.436,-53.899],[-0.075,-36.738],[-40.439,-56.074],[-70.168,-26.587]],"c":true},"ix":2},"nm":"3","mn":"ADBE Vector Shape - Group","hd":false},{"ty":"fl","c":{"a":0,"k":[0.9215686274509803,0.8666666666666667,0.3058823529411765,1],"ix":4},"o":{"a":0,"k":100,"ix":5},"r":1,"nm":"Fill 1","mn":"ADBE Vector Graphic - Fill","hd":false},{"ty":"tr","p":{"a":0,"k":[0,0],"ix":2},"a":{"a":0,"k":[0,0],"ix":1},"s":{"a":0,"k":[100,100],"ix":3},"r":{"a":0,"k":0,"ix":6},"o":{"a":0,"k":100,"ix":7},"sk":{"a":0,"k":0,"ix":4},"sa":{"a":0,"k":0,"ix":5},"nm":"Transform"}],"nm":"3","np":3,"cix":2,"ix":1,"mn":"ADBE Vector Group","hd":false}],"ip":175,"op":200,"st":150,"bm":0},{"ddd":0,"ind":6,"ty":4,"nm":"4 Outlines","sr":1,"ks":{"o":{"a":0,"k":100,"ix":11},"r":{"a":0,"k":0,"ix":10},"p":{"a":0,"k":[330,404,0],"ix":2},"a":{"a":0,"k":[0,0,0],"ix":1},"s":{"a":0,"k":[100,100,100],"ix":6}},"ao":0,"shapes":[{"ty":"gr","it":[{"ind":0,"ty":"sh","ix":1,"ks":{"a":0,"k":{"i":[[0,0],[0,0],[0,0],[0,0],[0,0],[0,0],[0,0],[0,0],[0,0],[0,0],[0,0]],"o":[[0,0],[0,0],[0,0],[0,0],[0,0],[0,0],[0,0],[0,0],[0,0],[0,0],[0,0]],"v":[[10.375,0],[55.573,0],[55.573,-32.871],[77.084,-32.871],[77.084,-67.917],[55.573,-67.917],[55.573,-170.398],[8.441,-170.398],[-79.296,-65.984],[-71.803,-32.871],[10.375,-32.871]],"c":true},"ix":2},"nm":"4","mn":"ADBE Vector Shape - Group","hd":false},{"ind":1,"ty":"sh","ix":2,"ks":{"a":0,"k":{"i":[[0,0],[0,0],[0,0]],"o":[[0,0],[0,0],[0,0]],"v":[[-30.231,-67.676],[10.375,-116.499],[10.375,-67.676]],"c":true},"ix":2},"nm":"4","mn":"ADBE Vector Shape - Group","hd":false},{"ty":"mm","mm":1,"nm":"Merge Paths 1","mn":"ADBE Vector Filter - Merge","hd":false},{"ty":"fl","c":{"a":0,"k":[0.9215686274509803,0.8666666666666667,0.3058823529411765,1],"ix":4},"o":{"a":0,"k":100,"ix":5},"r":1,"nm":"Fill 1","mn":"ADBE Vector Graphic - Fill","hd":false},{"ty":"tr","p":{"a":0,"k":[0,0],"ix":2},"a":{"a":0,"k":[0,0],"ix":1},"s":{"a":0,"k":[100,100],"ix":3},"r":{"a":0,"k":0,"ix":6},"o":{"a":0,"k":100,"ix":7},"sk":{"a":0,"k":0,"ix":4},"sa":{"a":0,"k":0,"ix":5},"nm":"Transform"}],"nm":"4","np":5,"cix":2,"ix":1,"mn":"ADBE Vector Group","hd":false}],"ip":150,"op":175,"st":125,"bm":0},{"ddd":0,"ind":7,"ty":4,"nm":"5 Outlines","sr":1,"ks":{"o":{"a":0,"k":100,"ix":11},"r":{"a":0,"k":0,"ix":10},"p":{"a":0,"k":[330,404,0],"ix":2},"a":{"a":0,"k":[0,0,0],"ix":1},"s":{"a":0,"k":[100,100,100],"ix":6}},"ao":0,"shapes":[{"ty":"gr","it":[{"ind":0,"ty":"sh","ix":1,"ks":{"a":0,"k":{"i":[[-29.971,0],[0,37.463],[0,0],[30.454,0],[7.734,-3.625],[0,0],[0,0],[0,0],[0,0],[0,0],[0,0],[-10.393,0],[0,-12.327],[0,0],[15.469,0],[13.535,11.602],[0,0]],"o":[[41.089,0],[0,0],[0,-36.738],[-11.36,0],[0,0],[0,0],[0,0],[0,0],[0,0],[0,0],[7.976,-4.834],[14.744,0],[0,0],[0,12.085],[-14.502,0],[0,0],[17.644,16.436]],"v":[[-2.364,3.384],[67.487,-56.799],[67.487,-57.283],[9.479,-110.94],[-17.591,-104.897],[-16.141,-130.518],[59.995,-130.518],[59.995,-169.189],[-53.121,-169.189],[-57.955,-83.628],[-30.159,-67.917],[-3.089,-76.377],[21.806,-56.799],[21.806,-56.316],[-2.847,-36.497],[-43.936,-54.866],[-70.765,-23.445]],"c":true},"ix":2},"nm":"5","mn":"ADBE Vector Shape - Group","hd":false},{"ty":"fl","c":{"a":0,"k":[0.9215686274509803,0.8666666666666667,0.3058823529411765,1],"ix":4},"o":{"a":0,"k":100,"ix":5},"r":1,"nm":"Fill 1","mn":"ADBE Vector Graphic - Fill","hd":false},{"ty":"tr","p":{"a":0,"k":[0,0],"ix":2},"a":{"a":0,"k":[0,0],"ix":1},"s":{"a":0,"k":[100,100],"ix":3},"r":{"a":0,"k":0,"ix":6},"o":{"a":0,"k":100,"ix":7},"sk":{"a":0,"k":0,"ix":4},"sa":{"a":0,"k":0,"ix":5},"nm":"Transform"}],"nm":"5","np":3,"cix":2,"ix":1,"mn":"ADBE Vector Group","hd":false}],"ip":125,"op":150,"st":100,"bm":0},{"ddd":0,"ind":8,"ty":4,"nm":"6 Outlines","sr":1,"ks":{"o":{"a":0,"k":100,"ix":11},"r":{"a":0,"k":0,"ix":10},"p":{"a":0,"k":[330,404,0],"ix":2},"a":{"a":0,"k":[0,0,0],"ix":1},"s":{"a":0,"k":[100,100,100],"ix":6}},"ao":0,"shapes":[{"ty":"gr","it":[{"ind":0,"ty":"sh","ix":1,"ks":{"a":0,"k":{"i":[[-23.928,0],[0,37.705],[0,0],[29.729,0],[10.876,-8.459],[-24.412,0],[-10.393,-7.734],[0,0],[23.687,0],[0,-52.69],[0,0],[-12.568,-12.568]],"o":[[36.98,0],[0,0],[0,-33.838],[-14.502,0],[1.208,-13.535],[13.535,0],[0,0],[-16.194,-12.085],[-52.932,0],[0,0],[0,31.663],[12.327,12.085]],"v":[[2.981,3.384],[70.173,-57.524],[70.173,-58.008],[14.341,-110.698],[-22.156,-97.646],[9.749,-133.901],[43.345,-121.091],[65.339,-153.962],[9.023,-172.573],[-69.529,-79.761],[-69.529,-79.277],[-48.743,-15.952]],"c":true},"ix":2},"nm":"6","mn":"ADBE Vector Shape - Group","hd":false},{"ind":1,"ty":"sh","ix":2,"ks":{"a":0,"k":{"i":[[14.744,0],[0,12.327],[0,0],[-14.744,0],[0,-12.327],[0,0]],"o":[[-14.744,0],[0,0],[0,-12.327],[14.744,0],[0,0],[0,12.327]],"v":[[1.047,-33.113],[-22.881,-55.107],[-22.881,-55.591],[0.564,-77.102],[24.734,-55.349],[24.734,-54.866]],"c":true},"ix":2},"nm":"6","mn":"ADBE Vector Shape - Group","hd":false},{"ty":"mm","mm":1,"nm":"Merge Paths 1","mn":"ADBE Vector Filter - Merge","hd":false},{"ty":"fl","c":{"a":0,"k":[0.6470588235294118,0.8588235294117647,0.0784313725490196,1],"ix":4},"o":{"a":0,"k":100,"ix":5},"r":1,"nm":"Fill 1","mn":"ADBE Vector Graphic - Fill","hd":false},{"ty":"tr","p":{"a":0,"k":[0,0],"ix":2},"a":{"a":0,"k":[0,0],"ix":1},"s":{"a":0,"k":[100,100],"ix":3},"r":{"a":0,"k":0,"ix":6},"o":{"a":0,"k":100,"ix":7},"sk":{"a":0,"k":0,"ix":4},"sa":{"a":0,"k":0,"ix":5},"nm":"Transform"}],"nm":"6","np":5,"cix":2,"ix":1,"mn":"ADBE Vector Group","hd":false}],"ip":100,"op":125,"st":100,"bm":0},{"ddd":0,"ind":9,"ty":4,"nm":"7 Outlines","sr":1,"ks":{"o":{"a":0,"k":100,"ix":11},"r":{"a":0,"k":0,"ix":10},"p":{"a":0,"k":[330,404,0],"ix":2},"a":{"a":0,"k":[0,0,0],"ix":1},"s":{"a":0,"k":[100,100,100],"ix":6}},"ao":0,"shapes":[{"ty":"gr","it":[{"ind":0,"ty":"sh","ix":1,"ks":{"a":0,"k":{"i":[[0,0],[0,0],[0,0],[0,0],[0,0],[0,0],[0,0]],"o":[[0,0],[0,0],[0,0],[0,0],[0,0],[0,0],[0,0]],"v":[[-58.694,0],[-6.971,0],[67.714,-133.901],[67.714,-169.189],[-62.562,-169.189],[-62.562,-129.792],[15.749,-129.792]],"c":true},"ix":2},"nm":"7","mn":"ADBE Vector Shape - Group","hd":false},{"ty":"fl","c":{"a":0,"k":[0.6470588235294118,0.8588235294117647,0.0784313725490196,1],"ix":4},"o":{"a":0,"k":100,"ix":5},"r":1,"nm":"Fill 1","mn":"ADBE Vector Graphic - Fill","hd":false},{"ty":"tr","p":{"a":0,"k":[0,0],"ix":2},"a":{"a":0,"k":[0,0],"ix":1},"s":{"a":0,"k":[100,100],"ix":3},"r":{"a":0,"k":0,"ix":6},"o":{"a":0,"k":100,"ix":7},"sk":{"a":0,"k":0,"ix":4},"sa":{"a":0,"k":0,"ix":5},"nm":"Transform"}],"nm":"7","np":3,"cix":2,"ix":1,"mn":"ADBE Vector Group","hd":false}],"ip":75,"op":100,"st":50,"bm":0},{"ddd":0,"ind":10,"ty":4,"nm":"8 Outlines","sr":1,"ks":{"o":{"a":0,"k":100,"ix":11},"r":{"a":0,"k":0,"ix":10},"p":{"a":0,"k":[330,404,0],"ix":2},"a":{"a":0,"k":[0,0,0],"ix":1},"s":{"a":0,"k":[100,100,100],"ix":6}},"ao":0,"shapes":[{"ty":"gr","it":[{"ind":0,"ty":"sh","ix":1,"ks":{"a":0,"k":{"i":[[-40.605,0],[0,30.454],[0,0],[17.161,7.976],[0,18.369],[0,0],[37.947,0],[0,-26.829],[0,0],[-12.81,-7.251],[0,-20.544],[0,0]],"o":[[40.605,0],[0,0],[0,-20.786],[13.052,-7.251],[0,0],[0,-26.829],[-37.947,0],[0,0],[0,18.369],[-18.127,7.734],[0,0],[0,29.487]],"v":[[0.536,2.9],[70.146,-47.131],[70.146,-47.615],[41.142,-87.737],[64.345,-124.717],[64.345,-125.2],[0.536,-172.09],[-63.03,-125.2],[-63.03,-124.717],[-40.069,-87.737],[-68.831,-47.131],[-68.831,-46.648]],"c":true},"ix":2},"nm":"8","mn":"ADBE Vector Shape - Group","hd":false},{"ind":1,"ty":"sh","ix":2,"ks":{"a":0,"k":{"i":[[12.568,0],[0,10.635],[0,0],[-12.81,0],[0,-9.426],[0,0]],"o":[[-12.568,0],[0,0],[0,-9.426],[13.052,0],[0,0],[0,10.635]],"v":[[0.536,-100.547],[-20.25,-119.158],[-20.25,-119.641],[0.536,-137.527],[21.564,-119.641],[21.564,-119.158]],"c":true},"ix":2},"nm":"8","mn":"ADBE Vector Shape - Group","hd":false},{"ind":2,"ty":"sh","ix":3,"ks":{"a":0,"k":{"i":[[15.71,0],[0,10.151],[0,0],[-14.26,0],[0,-11.118],[0,0]],"o":[[-15.71,0],[0,0],[0,-11.118],[14.502,0],[0,0],[0,10.151]],"v":[[0.536,-32.146],[-23.875,-51.24],[-23.875,-51.724],[0.536,-70.334],[24.948,-51.724],[24.948,-51.24]],"c":true},"ix":2},"nm":"8","mn":"ADBE Vector Shape - Group","hd":false},{"ty":"mm","mm":1,"nm":"Merge Paths 1","mn":"ADBE Vector Filter - Merge","hd":false},{"ty":"fl","c":{"a":0,"k":[0.6470588235294118,0.8588235294117647,0.0784313725490196,1],"ix":4},"o":{"a":0,"k":100,"ix":5},"r":1,"nm":"Fill 1","mn":"ADBE Vector Graphic - Fill","hd":false},{"ty":"tr","p":{"a":0,"k":[0,0],"ix":2},"a":{"a":0,"k":[0,0],"ix":1},"s":{"a":0,"k":[100,100],"ix":3},"r":{"a":0,"k":0,"ix":6},"o":{"a":0,"k":100,"ix":7},"sk":{"a":0,"k":0,"ix":4},"sa":{"a":0,"k":0,"ix":5},"nm":"Transform"}],"nm":"8","np":6,"cix":2,"ix":1,"mn":"ADBE Vector Group","hd":false}],"ip":50,"op":75,"st":25,"bm":0},{"ddd":0,"ind":11,"ty":4,"nm":"9 Outlines","sr":1,"ks":{"o":{"a":0,"k":100,"ix":11},"r":{"a":0,"k":0,"ix":10},"p":{"a":0,"k":[330,404,0],"ix":2},"a":{"a":0,"k":[0,0,0],"ix":1},"s":{"a":0,"k":[100,100,100],"ix":6}},"ao":0,"shapes":[{"ty":"gr","it":[{"ind":0,"ty":"sh","ix":1,"ks":{"a":0,"k":{"i":[[24.653,0],[11.843,9.185],[0,0],[-25.378,0],[0,55.107],[0,0],[12.327,12.327],[24.653,0],[0,-37.222],[0,0],[-32.629,0],[-10.393,9.668]],"o":[[-13.293,0],[0,0],[15.71,12.085],[50.515,0],[0,0],[0,-31.179],[-12.81,-12.81],[-38.672,0],[0,0],[0,33.113],[13.293,0],[-1.208,13.535]],"v":[[-8.379,-35.53],[-44.634,-49.065],[-66.628,-16.677],[-7.412,3.384],[70.657,-89.67],[70.657,-90.154],[50.354,-152.996],[-1.611,-172.573],[-69.045,-111.182],[-69.045,-110.698],[-12.246,-57.041],[23.767,-70.818]],"c":true},"ix":2},"nm":"9","mn":"ADBE Vector Shape - Group","hd":false},{"ind":1,"ty":"sh","ix":2,"ks":{"a":0,"k":{"i":[[14.744,0],[0,12.81],[0,0],[-14.744,0],[0,-13.052],[0,0]],"o":[[-14.744,0],[0,0],[0,-13.052],[14.744,0],[0,0],[0,12.327]],"v":[[0.564,-90.637],[-23.606,-112.874],[-23.606,-113.357],[0.081,-136.318],[24.25,-113.115],[24.25,-112.632]],"c":true},"ix":2},"nm":"9","mn":"ADBE Vector Shape - Group","hd":false},{"ty":"mm","mm":1,"nm":"Merge Paths 1","mn":"ADBE Vector Filter - Merge","hd":false},{"ty":"fl","c":{"a":0,"k":[0.6470588235294118,0.8588235294117647,0.0784313725490196,1],"ix":4},"o":{"a":0,"k":100,"ix":5},"r":1,"nm":"Fill 1","mn":"ADBE Vector Graphic - Fill","hd":false},{"ty":"tr","p":{"a":0,"k":[0,0],"ix":2},"a":{"a":0,"k":[0,0],"ix":1},"s":{"a":0,"k":[100,100],"ix":3},"r":{"a":0,"k":0,"ix":6},"o":{"a":0,"k":100,"ix":7},"sk":{"a":0,"k":0,"ix":4},"sa":{"a":0,"k":0,"ix":5},"nm":"Transform"}],"nm":"9","np":5,"cix":2,"ix":1,"mn":"ADBE Vector Group","hd":false}],"ip":25,"op":50,"st":0,"bm":0},{"ddd":0,"ind":12,"ty":4,"nm":"10 Outlines","sr":1,"ks":{"o":{"a":0,"k":100,"ix":11},"r":{"a":0,"k":0,"ix":10},"p":{"a":0,"k":[330,404,0],"ix":2},"a":{"a":0,"k":[0,0,0],"ix":1},"s":{"a":0,"k":[100,100,100],"ix":6}},"ao":0,"shapes":[{"ty":"gr","it":[{"ind":0,"ty":"sh","ix":1,"ks":{"a":0,"k":{"i":[[0,0],[0,0],[0,0],[0,0],[0,0],[0,0],[0,0]],"o":[[0,0],[0,0],[0,0],[0,0],[0,0],[0,0],[0,0]],"v":[[-98.842,0],[-52.678,0],[-52.678,-170.398],[-86.757,-170.398],[-136.306,-156.379],[-127.363,-120.125],[-98.842,-126.892]],"c":true},"ix":2},"nm":"1","mn":"ADBE Vector Shape - Group","hd":false},{"ty":"fl","c":{"a":0,"k":[0.6470588235294118,0.8588235294117647,0.0784313725490196,1],"ix":4},"o":{"a":0,"k":100,"ix":5},"r":1,"nm":"Fill 1","mn":"ADBE Vector Graphic - Fill","hd":false},{"ty":"tr","p":{"a":0,"k":[0,0],"ix":2},"a":{"a":0,"k":[0,0],"ix":1},"s":{"a":0,"k":[100,100],"ix":3},"r":{"a":0,"k":0,"ix":6},"o":{"a":0,"k":100,"ix":7},"sk":{"a":0,"k":0,"ix":4},"sa":{"a":0,"k":0,"ix":5},"nm":"Transform"}],"nm":"1","np":3,"cix":2,"ix":1,"mn":"ADBE Vector Group","hd":false},{"ty":"gr","it":[{"ind":0,"ty":"sh","ix":1,"ks":{"a":0,"k":{"i":[[-48.098,0],[0,47.856],[0,0],[48.098,0],[0,-47.856],[0,0]],"o":[[48.34,0],[0,0],[0,-47.856],[-48.098,0],[0,0],[0,47.856]],"v":[[51.019,3.384],[129.571,-84.595],[129.571,-85.078],[51.502,-172.573],[-27.05,-84.595],[-27.05,-84.111]],"c":true},"ix":2},"nm":"0","mn":"ADBE Vector Shape - Group","hd":false},{"ind":1,"ty":"sh","ix":2,"ks":{"a":0,"k":{"i":[[18.853,0],[0,27.07],[0,0],[-18.611,0],[0,-27.07],[0,0]],"o":[[-18.853,0],[0,0],[0,-27.07],[18.853,0],[0,0],[0,26.829]],"v":[[51.502,-38.188],[20.081,-84.595],[20.081,-85.078],[51.019,-131.243],[82.44,-84.595],[82.44,-84.111]],"c":true},"ix":2},"nm":"0","mn":"ADBE Vector Shape - Group","hd":false},{"ty":"mm","mm":1,"nm":"Merge Paths 1","mn":"ADBE Vector Filter - Merge","hd":false},{"ty":"fl","c":{"a":0,"k":[0.6470588235294118,0.8588235294117647,0.0784313725490196,1],"ix":4},"o":{"a":0,"k":100,"ix":5},"r":1,"nm":"Fill 1","mn":"ADBE Vector Graphic - Fill","hd":false},{"ty":"tr","p":{"a":0,"k":[0,0],"ix":2},"a":{"a":0,"k":[0,0],"ix":1},"s":{"a":0,"k":[100,100],"ix":3},"r":{"a":0,"k":0,"ix":6},"o":{"a":0,"k":100,"ix":7},"sk":{"a":0,"k":0,"ix":4},"sa":{"a":0,"k":0,"ix":5},"nm":"Transform"}],"nm":"0","np":5,"cix":2,"ix":2,"mn":"ADBE Vector Group","hd":false}],"ip":0,"op":25,"st":0,"bm":0}]},{"id":"comp_1","layers":[{"ddd":0,"ind":1,"ty":4,"nm":"Circle Fill","sr":1,"ks":{"o":{"a":1,"k":[{"i":{"x":[0.833],"y":[0.833]},"o":{"x":[0.167],"y":[0.167]},"n":["0p833_0p833_0p167_0p167"],"t":5,"s":[0],"e":[90]},{"t":8}],"ix":11},"r":{"a":1,"k":[{"i":{"x":[0.833],"y":[0.833]},"o":{"x":[0.167],"y":[0.167]},"n":["0p833_0p833_0p167_0p167"],"t":4,"s":[-40],"e":[0]},{"t":8}],"ix":10},"p":{"a":0,"k":[325,325,0],"ix":2},"a":{"a":0,"k":[246,246,0],"ix":1},"s":{"a":0,"k":[100,100,100],"ix":6}},"ao":0,"ef":[{"ty":5,"nm":"Stroke Width - Stroke 1 - Overshoot","np":3,"mn":"ADBE Slider Control","ix":1,"en":1,"ef":[{"ty":0,"nm":"Slider","mn":"ADBE Slider Control-0001","ix":1,"v":{"a":0,"k":20,"ix":1,"x":"var $bm_rt;\n$bm_rt = clamp(value, 0, 100);"}}]},{"ty":5,"nm":"Stroke Width - Stroke 1 - Bounce","np":3,"mn":"ADBE Slider Control","ix":2,"en":1,"ef":[{"ty":0,"nm":"Slider","mn":"ADBE Slider Control-0001","ix":1,"v":{"a":0,"k":40,"ix":1,"x":"var $bm_rt;\n$bm_rt = clamp(value, 0, 100);"}}]},{"ty":5,"nm":"Stroke Width - Stroke 1 - Friction","np":3,"mn":"ADBE Slider Control","ix":3,"en":1,"ef":[{"ty":0,"nm":"Slider","mn":"ADBE Slider Control-0001","ix":1,"v":{"a":0,"k":40,"ix":1,"x":"var $bm_rt;\n$bm_rt = clamp(value, 0, 100);"}}]}],"shapes":[{"ty":"gr","it":[{"ind":0,"ty":"sh","ix":1,"ks":{"a":0,"k":{"i":[[135.862,0],[0,-135.862],[-135.862,0],[0,135.862]],"o":[[-135.862,0],[0,135.862],[135.862,0],[0,-135.862]],"v":[[0,-246],[-246,0],[0,246],[246,0]],"c":true},"ix":2},"nm":"Path 1","mn":"ADBE Vector Shape - Group","hd":false},{"ty":"st","c":{"a":0,"k":[0.6470588235294118,0.8588235294117647,0.0784313725490196,1],"ix":3},"o":{"a":0,"k":100,"ix":4,"x":"var $bm_rt;\nvar amp, freq, decay, n, t, v;\ntry {\n    amp = div(effect('Opacity - Stroke 1 - Overshoot')('ADBE Slider Control-0001'), 2.5), freq = div(effect('Opacity - Stroke 1 - Bounce')('ADBE Slider Control-0001'), 20), decay = div(effect('Opacity - Stroke 1 - Friction')('ADBE Slider Control-0001'), 20), n = 0, 0 < numKeys && (n = nearestKey(time).index, key(n).time > time && n--), t = 0 === n ? 0 : time - key(n).time, $bm_rt = 0 < n ? (v = velocityAtTime(sub(key(n).time, div(thisComp.frameDuration, 10))), sum(value, div(mul(mul(div(v, 100), amp), Math.sin(mul(mul(mul(freq, t), 2), Math.PI))), Math.exp(mul(decay, t))))) : value;\n} catch (e$$4) {\n    $bm_rt = value = value;\n}"},"w":{"a":0,"k":40,"ix":5,"x":"var $bm_rt;\nvar amp, freq, decay, n, t, v;\ntry {\n    amp = div(effect('Stroke Width - Stroke 1 - Overshoot')('ADBE Slider Control-0001'), 2.5), freq = div(effect('Stroke Width - Stroke 1 - Bounce')('ADBE Slider Control-0001'), 20), decay = div(effect('Stroke Width - Stroke 1 - Friction')('ADBE Slider Control-0001'), 20), n = 0, 0 < numKeys && (n = nearestKey(time).index, key(n).time > time && n--), t = 0 === n ? 0 : time - key(n).time, $bm_rt = 0 < n ? (v = velocityAtTime(sub(key(n).time, div(thisComp.frameDuration, 10))), sum(value, div(mul(mul(div(v, 100), amp), Math.sin(mul(mul(mul(freq, t), 2), Math.PI))), Math.exp(mul(decay, t))))) : value;\n} catch (e$$4) {\n    $bm_rt = value = value;\n}"},"lc":2,"lj":1,"ml":4,"nm":"Stroke 1","mn":"ADBE Vector Graphic - Stroke","hd":false},{"ty":"tr","p":{"a":0,"k":[246,246],"ix":2},"a":{"a":0,"k":[0,0],"ix":1},"s":{"a":0,"k":[100,100],"ix":3},"r":{"a":0,"k":0,"ix":6},"o":{"a":0,"k":100,"ix":7},"sk":{"a":0,"k":0,"ix":4},"sa":{"a":0,"k":0,"ix":5},"nm":"Transform"}],"nm":"Group 1","np":2,"cix":2,"ix":1,"mn":"ADBE Vector Group","hd":false},{"ty":"tm","s":{"a":1,"k":[{"i":{"x":[0.5],"y":[1]},"o":{"x":[0.85],"y":[0]},"n":["0p5_1_0p85_0"],"t":5,"s":[100],"e":[95]},{"i":{"x":[0.833],"y":[0.833]},"o":{"x":[0.85],"y":[0]},"n":["0p833_0p833_0p85_0"],"t":11,"s":[95],"e":[94.208]},{"i":{"x":[0.833],"y":[0.833]},"o":{"x":[0.167],"y":[0.167]},"n":["0p833_0p833_0p167_0p167"],"t":13,"s":[94.208],"e":[0]},{"t":250}],"ix":1},"e":{"a":1,"k":[{"i":{"x":[0.4],"y":[1]},"o":{"x":[0.8],"y":[0]},"n":["0p4_1_0p8_0"],"t":289,"s":[100],"e":[0]},{"t":294}],"ix":2},"o":{"a":0,"k":0,"ix":3},"m":1,"ix":2,"nm":"Trim Paths 1","mn":"ADBE Vector Filter - Trim","hd":false}],"ip":0,"op":303,"st":0,"bm":0},{"ddd":0,"ind":2,"ty":4,"nm":"Circle Core","sr":1,"ks":{"o":{"a":0,"k":90,"ix":11},"r":{"a":1,"k":[{"i":{"x":[0.833],"y":[0.833]},"o":{"x":[0.167],"y":[0.167]},"n":["0p833_0p833_0p167_0p167"],"t":0,"s":[-30],"e":[0]},{"t":4}],"ix":10},"p":{"a":0,"k":[325,325,0],"ix":2},"a":{"a":0,"k":[246,246,0],"ix":1},"s":{"a":0,"k":[100,100,100],"ix":6}},"ao":0,"ef":[{"ty":5,"nm":"Stroke Width - Stroke 1 - Overshoot","np":3,"mn":"ADBE Slider Control","ix":1,"en":1,"ef":[{"ty":0,"nm":"Slider","mn":"ADBE Slider Control-0001","ix":1,"v":{"a":0,"k":20,"ix":1,"x":"var $bm_rt;\n$bm_rt = clamp(value, 0, 100);"}}]},{"ty":5,"nm":"Stroke Width - Stroke 1 - Bounce","np":3,"mn":"ADBE Slider Control","ix":2,"en":1,"ef":[{"ty":0,"nm":"Slider","mn":"ADBE Slider Control-0001","ix":1,"v":{"a":0,"k":40,"ix":1,"x":"var $bm_rt;\n$bm_rt = clamp(value, 0, 100);"}}]},{"ty":5,"nm":"Stroke Width - Stroke 1 - Friction","np":3,"mn":"ADBE Slider Control","ix":3,"en":1,"ef":[{"ty":0,"nm":"Slider","mn":"ADBE Slider Control-0001","ix":1,"v":{"a":0,"k":40,"ix":1,"x":"var $bm_rt;\n$bm_rt = clamp(value, 0, 100);"}}]}],"shapes":[{"ty":"gr","it":[{"ind":0,"ty":"sh","ix":1,"ks":{"a":0,"k":{"i":[[135.862,0],[0,-135.862],[-135.862,0],[0,135.862]],"o":[[-135.862,0],[0,135.862],[135.862,0],[0,-135.862]],"v":[[0,-246],[-246,0],[0,246],[246,0]],"c":true},"ix":2},"nm":"Path 1","mn":"ADBE Vector Shape - Group","hd":false},{"ty":"st","c":{"a":0,"k":[0.057137537748,0.071880929172,0.167156860232,1],"ix":3},"o":{"a":0,"k":40,"ix":4,"x":"var $bm_rt;\nvar amp, freq, decay, n, t, v;\ntry {\n    amp = div(effect('Opacity - Stroke 1 - Overshoot')('ADBE Slider Control-0001'), 2.5), freq = div(effect('Opacity - Stroke 1 - Bounce')('ADBE Slider Control-0001'), 20), decay = div(effect('Opacity - Stroke 1 - Friction')('ADBE Slider Control-0001'), 20), n = 0, 0 < numKeys && (n = nearestKey(time).index, key(n).time > time && n--), t = 0 === n ? 0 : time - key(n).time, $bm_rt = 0 < n ? (v = velocityAtTime(sub(key(n).time, div(thisComp.frameDuration, 10))), sum(value, div(mul(mul(div(v, 100), amp), Math.sin(mul(mul(mul(freq, t), 2), Math.PI))), Math.exp(mul(decay, t))))) : value;\n} catch (e$$4) {\n    $bm_rt = value = value;\n}"},"w":{"a":0,"k":40,"ix":5,"x":"var $bm_rt;\nvar amp, freq, decay, n, t, v;\ntry {\n    amp = div(effect('Stroke Width - Stroke 1 - Overshoot')('ADBE Slider Control-0001'), 2.5), freq = div(effect('Stroke Width - Stroke 1 - Bounce')('ADBE Slider Control-0001'), 20), decay = div(effect('Stroke Width - Stroke 1 - Friction')('ADBE Slider Control-0001'), 20), n = 0, 0 < numKeys && (n = nearestKey(time).index, key(n).time > time && n--), t = 0 === n ? 0 : time - key(n).time, $bm_rt = 0 < n ? (v = velocityAtTime(sub(key(n).time, div(thisComp.frameDuration, 10))), sum(value, div(mul(mul(div(v, 100), amp), Math.sin(mul(mul(mul(freq, t), 2), Math.PI))), Math.exp(mul(decay, t))))) : value;\n} catch (e$$4) {\n    $bm_rt = value = value;\n}"},"lc":2,"lj":1,"ml":4,"nm":"Stroke 1","mn":"ADBE Vector Graphic - Stroke","hd":false},{"ty":"tr","p":{"a":0,"k":[246,246],"ix":2},"a":{"a":0,"k":[0,0],"ix":1},"s":{"a":0,"k":[100,100],"ix":3},"r":{"a":0,"k":0,"ix":6},"o":{"a":0,"k":100,"ix":7},"sk":{"a":0,"k":0,"ix":4},"sa":{"a":0,"k":0,"ix":5},"nm":"Transform"}],"nm":"Group 1","np":2,"cix":2,"ix":1,"mn":"ADBE Vector Group","hd":false},{"ty":"tm","s":{"a":1,"k":[{"i":{"x":[0.6],"y":[1]},"o":{"x":[0.81],"y":[0]},"n":["0p6_1_0p81_0"],"t":0,"s":[100],"e":[0]},{"t":7}],"ix":1},"e":{"a":1,"k":[{"i":{"x":[0.4],"y":[1]},"o":{"x":[0.8],"y":[0]},"n":["0p4_1_0p8_0"],"t":293,"s":[100],"e":[0]},{"t":299}],"ix":2},"o":{"a":0,"k":0,"ix":3},"m":1,"ix":2,"nm":"Trim Paths 1","mn":"ADBE Vector Filter - Trim","hd":false}],"ip":0,"op":303,"st":0,"bm":0}]}],"layers":[{"ddd":0,"ind":1,"ty":0,"nm":"10 Second Countdown","refId":"comp_0","sr":1,"ks":{"o":{"a":1,"k":[{"i":{"x":[0.833],"y":[0.833]},"o":{"x":[0.167],"y":[0.167]},"n":["0p833_0p833_0p167_0p167"],"t":2,"s":[0],"e":[100]},{"i":{"x":[0.833],"y":[0.833]},"o":{"x":[0.167],"y":[0.167]},"n":["0p833_0p833_0p167_0p167"],"t":7,"s":[100],"e":[100]},{"i":{"x":[0.833],"y":[0.833]},"o":{"x":[0.167],"y":[0.167]},"n":["0p833_0p833_0p167_0p167"],"t":293,"s":[100],"e":[0]},{"t":295}],"ix":11},"r":{"a":0,"k":0,"ix":10},"p":{"a":0,"k":[250,250,0],"ix":2},"a":{"a":0,"k":[325,325,0],"ix":1},"s":{"a":1,"k":[{"i":{"x":[0.92,0.92,0.92],"y":[1,1,1]},"o":{"x":[0.08,0.08,0.08],"y":[0,0,0]},"n":["0p92_1_0p08_0","0p92_1_0p08_0","0p92_1_0p08_0"],"t":5,"s":[78.46153846153845,78.46153846153845,100],"e":[76.92307692307692,76.92307692307692,100]},{"i":{"x":[0.839,0.839,0.839],"y":[1,1,1]},"o":{"x":[0.08,0.08,0.08],"y":[0,0,0]},"n":["0p839_1_0p08_0","0p839_1_0p08_0","0p839_1_0p08_0"],"t":6,"s":[76.92307692307692,76.92307692307692,100],"e":[76.92307692307692,76.92307692307692,100]},{"i":{"x":[0.81,0.81,0.81],"y":[1,1,1]},"o":{"x":[0.8,0.8,0.8],"y":[0,0,0]},"n":["0p81_1_0p8_0","0p81_1_0p8_0","0p81_1_0p8_0"],"t":25,"s":[76.92307692307692,76.92307692307692,100],"e":[80.76923076923077,80.76923076923077,100]},{"i":{"x":[0.81,0.81,0.81],"y":[1,1,1]},"o":{"x":[0.8,0.8,0.8],"y":[0,0,0]},"n":["0p81_1_0p8_0","0p81_1_0p8_0","0p81_1_0p8_0"],"t":29,"s":[80.76923076923077,80.76923076923077,100],"e":[76.92307692307692,76.92307692307692,100]},{"i":{"x":[0.833,0.833,0.833],"y":[1,1,1]},"o":{"x":[0.167,0.167,0.167],"y":[0,0,0]},"n":["0p833_1_0p167_0","0p833_1_0p167_0","0p833_1_0p167_0"],"t":31,"s":[76.92307692307692,76.92307692307692,100],"e":[76.92307692307692,76.92307692307692,100]},{"i":{"x":[0.81,0.81,0.81],"y":[1,1,1]},"o":{"x":[0.8,0.8,0.8],"y":[0,0,0]},"n":["0p81_1_0p8_0","0p81_1_0p8_0","0p81_1_0p8_0"],"t":50,"s":[76.92307692307692,76.92307692307692,100],"e":[80.76923076923077,80.76923076923077,100]},{"i":{"x":[0.81,0.81,0.81],"y":[1,1,1]},"o":{"x":[0.8,0.8,0.8],"y":[0,0,0]},"n":["0p81_1_0p8_0","0p81_1_0p8_0","0p81_1_0p8_0"],"t":54,"s":[80.76923076923077,80.76923076923077,100],"e":[76.92307692307692,76.92307692307692,100]},{"i":{"x":[0.833,0.833,0.833],"y":[1,1,1]},"o":{"x":[0.167,0.167,0.167],"y":[0,0,0]},"n":["0p833_1_0p167_0","0p833_1_0p167_0","0p833_1_0p167_0"],"t":56,"s":[76.92307692307692,76.92307692307692,100],"e":[76.92307692307692,76.92307692307692,100]},{"i":{"x":[0.81,0.81,0.81],"y":[1,1,1]},"o":{"x":[0.8,0.8,0.8],"y":[0,0,0]},"n":["0p81_1_0p8_0","0p81_1_0p8_0","0p81_1_0p8_0"],"t":75,"s":[76.92307692307692,76.92307692307692,100],"e":[80.76923076923077,80.76923076923077,100]},{"i":{"x":[0.81,0.81,0.81],"y":[1,1,1]},"o":{"x":[0.8,0.8,0.8],"y":[0,0,0]},"n":["0p81_1_0p8_0","0p81_1_0p8_0","0p81_1_0p8_0"],"t":79,"s":[80.76923076923077,80.76923076923077,100],"e":[76.92307692307692,76.92307692307692,100]},{"i":{"x":[0.833,0.833,0.833],"y":[1,1,1]},"o":{"x":[0.167,0.167,0.167],"y":[0,0,0]},"n":["0p833_1_0p167_0","0p833_1_0p167_0","0p833_1_0p167_0"],"t":81,"s":[76.92307692307692,76.92307692307692,100],"e":[76.92307692307692,76.92307692307692,100]},{"i":{"x":[0.81,0.81,0.81],"y":[1,1,1]},"o":{"x":[0.8,0.8,0.8],"y":[0,0,0]},"n":["0p81_1_0p8_0","0p81_1_0p8_0","0p81_1_0p8_0"],"t":100,"s":[76.92307692307692,76.92307692307692,100],"e":[80.76923076923077,80.76923076923077,100]},{"i":{"x":[0.81,0.81,0.81],"y":[1,1,1]},"o":{"x":[0.8,0.8,0.8],"y":[0,0,0]},"n":["0p81_1_0p8_0","0p81_1_0p8_0","0p81_1_0p8_0"],"t":104,"s":[80.76923076923077,80.76923076923077,100],"e":[76.92307692307692,76.92307692307692,100]},{"i":{"x":[0.833,0.833,0.833],"y":[1,1,1]},"o":{"x":[0.167,0.167,0.167],"y":[0,0,0]},"n":["0p833_1_0p167_0","0p833_1_0p167_0","0p833_1_0p167_0"],"t":106,"s":[76.92307692307692,76.92307692307692,100],"e":[76.92307692307692,76.92307692307692,100]},{"i":{"x":[0.81,0.81,0.81],"y":[1,1,1]},"o":{"x":[0.8,0.8,0.8],"y":[0,0,0]},"n":["0p81_1_0p8_0","0p81_1_0p8_0","0p81_1_0p8_0"],"t":125,"s":[76.92307692307692,76.92307692307692,100],"e":[80.76923076923077,80.76923076923077,100]},{"i":{"x":[0.81,0.81,0.81],"y":[1,1,1]},"o":{"x":[0.8,0.8,0.8],"y":[0,0,0]},"n":["0p81_1_0p8_0","0p81_1_0p8_0","0p81_1_0p8_0"],"t":129,"s":[80.76923076923077,80.76923076923077,100],"e":[76.92307692307692,76.92307692307692,100]},{"i":{"x":[0.833,0.833,0.833],"y":[1,1,1]},"o":{"x":[0.167,0.167,0.167],"y":[0,0,0]},"n":["0p833_1_0p167_0","0p833_1_0p167_0","0p833_1_0p167_0"],"t":131,"s":[76.92307692307692,76.92307692307692,100],"e":[76.92307692307692,76.92307692307692,100]},{"i":{"x":[0.81,0.81,0.81],"y":[1,1,1]},"o":{"x":[0.8,0.8,0.8],"y":[0,0,0]},"n":["0p81_1_0p8_0","0p81_1_0p8_0","0p81_1_0p8_0"],"t":150,"s":[76.92307692307692,76.92307692307692,100],"e":[80.76923076923077,80.76923076923077,100]},{"i":{"x":[0.81,0.81,0.81],"y":[1,1,1]},"o":{"x":[0.8,0.8,0.8],"y":[0,0,0]},"n":["0p81_1_0p8_0","0p81_1_0p8_0","0p81_1_0p8_0"],"t":154,"s":[80.76923076923077,80.76923076923077,100],"e":[76.92307692307692,76.92307692307692,100]},{"i":{"x":[0.833,0.833,0.833],"y":[1,1,1]},"o":{"x":[0.167,0.167,0.167],"y":[0,0,0]},"n":["0p833_1_0p167_0","0p833_1_0p167_0","0p833_1_0p167_0"],"t":156,"s":[76.92307692307692,76.92307692307692,100],"e":[76.92307692307692,76.92307692307692,100]},{"i":{"x":[0.81,0.81,0.81],"y":[1,1,1]},"o":{"x":[0.8,0.8,0.8],"y":[0,0,0]},"n":["0p81_1_0p8_0","0p81_1_0p8_0","0p81_1_0p8_0"],"t":175,"s":[76.92307692307692,76.92307692307692,100],"e":[80.76923076923077,80.76923076923077,100]},{"i":{"x":[0.81,0.81,0.81],"y":[1,1,1]},"o":{"x":[0.8,0.8,0.8],"y":[0,0,0]},"n":["0p81_1_0p8_0","0p81_1_0p8_0","0p81_1_0p8_0"],"t":179,"s":[80.76923076923077,80.76923076923077,100],"e":[76.92307692307692,76.92307692307692,100]},{"i":{"x":[0.833,0.833,0.833],"y":[1,1,1]},"o":{"x":[0.167,0.167,0.167],"y":[0,0,0]},"n":["0p833_1_0p167_0","0p833_1_0p167_0","0p833_1_0p167_0"],"t":181,"s":[76.92307692307692,76.92307692307692,100],"e":[76.92307692307692,76.92307692307692,100]},{"i":{"x":[0.81,0.81,0.81],"y":[1,1,1]},"o":{"x":[0.8,0.8,0.8],"y":[0,0,0]},"n":["0p81_1_0p8_0","0p81_1_0p8_0","0p81_1_0p8_0"],"t":200,"s":[76.92307692307692,76.92307692307692,100],"e":[80.76923076923077,80.76923076923077,100]},{"i":{"x":[0.81,0.81,0.81],"y":[1,1,1]},"o":{"x":[0.8,0.8,0.8],"y":[0,0,0]},"n":["0p81_1_0p8_0","0p81_1_0p8_0","0p81_1_0p8_0"],"t":204,"s":[80.76923076923077,80.76923076923077,100],"e":[76.92307692307692,76.92307692307692,100]},{"i":{"x":[0.833,0.833,0.833],"y":[1,1,1]},"o":{"x":[0.167,0.167,0.167],"y":[0,0,0]},"n":["0p833_1_0p167_0","0p833_1_0p167_0","0p833_1_0p167_0"],"t":206,"s":[76.92307692307692,76.92307692307692,100],"e":[76.92307692307692,76.92307692307692,100]},{"i":{"x":[0.81,0.81,0.81],"y":[1,1,1]},"o":{"x":[0.8,0.8,0.8],"y":[0,0,0]},"n":["0p81_1_0p8_0","0p81_1_0p8_0","0p81_1_0p8_0"],"t":213,"s":[76.92307692307692,76.92307692307692,100],"e":[80.76923076923077,80.76923076923077,100]},{"i":{"x":[0.81,0.81,0.81],"y":[1,1,1]},"o":{"x":[0.8,0.8,0.8],"y":[0,0,0]},"n":["0p81_1_0p8_0","0p81_1_0p8_0","0p81_1_0p8_0"],"t":217,"s":[80.76923076923077,80.76923076923077,100],"e":[76.92307692307692,76.92307692307692,100]},{"i":{"x":[0.833,0.833,0.833],"y":[1,1,1]},"o":{"x":[0.167,0.167,0.167],"y":[0,0,0]},"n":["0p833_1_0p167_0","0p833_1_0p167_0","0p833_1_0p167_0"],"t":219,"s":[76.92307692307692,76.92307692307692,100],"e":[76.92307692307692,76.92307692307692,100]},{"i":{"x":[0.81,0.81,0.81],"y":[1,1,1]},"o":{"x":[0.8,0.8,0.8],"y":[0,0,0]},"n":["0p81_1_0p8_0","0p81_1_0p8_0","0p81_1_0p8_0"],"t":227,"s":[76.92307692307692,76.92307692307692,100],"e":[80.76923076923077,80.76923076923077,100]},{"i":{"x":[0.81,0.81,0.81],"y":[1,1,1]},"o":{"x":[0.8,0.8,0.8],"y":[0,0,0]},"n":["0p81_1_0p8_0","0p81_1_0p8_0","0p81_1_0p8_0"],"t":231,"s":[80.76923076923077,80.76923076923077,100],"e":[76.92307692307692,76.92307692307692,100]},{"i":{"x":[0.833,0.833,0.833],"y":[1,1,1]},"o":{"x":[0.167,0.167,0.167],"y":[0,0,0]},"n":["0p833_1_0p167_0","0p833_1_0p167_0","0p833_1_0p167_0"],"t":233,"s":[76.92307692307692,76.92307692307692,100],"e":[76.92307692307692,76.92307692307692,100]},{"i":{"x":[0.81,0.81,0.81],"y":[1,1,1]},"o":{"x":[0.8,0.8,0.8],"y":[0,0,0]},"n":["0p81_1_0p8_0","0p81_1_0p8_0","0p81_1_0p8_0"],"t":238,"s":[76.92307692307692,76.92307692307692,100],"e":[80.76923076923077,80.76923076923077,100]},{"i":{"x":[0.81,0.81,0.81],"y":[1,1,1]},"o":{"x":[0.8,0.8,0.8],"y":[0,0,0]},"n":["0p81_1_0p8_0","0p81_1_0p8_0","0p81_1_0p8_0"],"t":242,"s":[80.76923076923077,80.76923076923077,100],"e":[76.92307692307692,76.92307692307692,100]},{"i":{"x":[0.833,0.833,0.833],"y":[1,1,1]},"o":{"x":[0.167,0.167,0.167],"y":[0,0,0]},"n":["0p833_1_0p167_0","0p833_1_0p167_0","0p833_1_0p167_0"],"t":244,"s":[76.92307692307692,76.92307692307692,100],"e":[76.92307692307692,76.92307692307692,100]},{"i":{"x":[0.81,0.81,0.81],"y":[1,1,1]},"o":{"x":[0.8,0.8,0.8],"y":[0,0,0]},"n":["0p81_1_0p8_0","0p81_1_0p8_0","0p81_1_0p8_0"],"t":250,"s":[76.92307692307692,76.92307692307692,100],"e":[80.76923076923077,80.76923076923077,100]},{"i":{"x":[0.81,0.81,0.81],"y":[1,1,1]},"o":{"x":[0.8,0.8,0.8],"y":[0,0,0]},"n":["0p81_1_0p8_0","0p81_1_0p8_0","0p81_1_0p8_0"],"t":254,"s":[80.76923076923077,80.76923076923077,100],"e":[76.92307692307692,76.92307692307692,100]},{"t":256}],"ix":6}},"ao":0,"w":650,"h":650,"ip":0,"op":300,"st":0,"bm":0},{"ddd":0,"ind":2,"ty":0,"nm":"Circle Fill","refId":"comp_1","sr":1,"ks":{"o":{"a":0,"k":100,"ix":11},"r":{"a":0,"k":0,"ix":10},"p":{"a":0,"k":[189.23076923076923,189.23076923076923,0],"ix":2},"a":{"a":0,"k":[246,246,0],"ix":1},"s":{"a":1,"k":[{"i":{"x":[0.92,0.92,0.92],"y":[1,1,1]},"o":{"x":[0.08,0.08,0.08],"y":[0,0,0]},"n":["0p92_1_0p08_0","0p92_1_0p08_0","0p92_1_0p08_0"],"t":4,"s":[78.46153846153845,78.46153846153845,100],"e":[76.92307692307692,76.92307692307692,100]},{"i":{"x":[0.839,0.839,0.839],"y":[1,1,1]},"o":{"x":[0.08,0.08,0.08],"y":[0,0,0]},"n":["0p839_1_0p08_0","0p839_1_0p08_0","0p839_1_0p08_0"],"t":5,"s":[76.92307692307692,76.92307692307692,100],"e":[76.92307692307692,76.92307692307692,100]},{"i":{"x":[0.81,0.81,0.81],"y":[1,1,1]},"o":{"x":[0.8,0.8,0.8],"y":[0,0,0]},"n":["0p81_1_0p8_0","0p81_1_0p8_0","0p81_1_0p8_0"],"t":24,"s":[76.92307692307692,76.92307692307692,100],"e":[80.76923076923077,80.76923076923077,100]},{"i":{"x":[0.81,0.81,0.81],"y":[1,1,1]},"o":{"x":[0.8,0.8,0.8],"y":[0,0,0]},"n":["0p81_1_0p8_0","0p81_1_0p8_0","0p81_1_0p8_0"],"t":28,"s":[80.76923076923077,80.76923076923077,100],"e":[76.92307692307692,76.92307692307692,100]},{"i":{"x":[0.833,0.833,0.833],"y":[1,1,1]},"o":{"x":[0.167,0.167,0.167],"y":[0,0,0]},"n":["0p833_1_0p167_0","0p833_1_0p167_0","0p833_1_0p167_0"],"t":30,"s":[76.92307692307692,76.92307692307692,100],"e":[76.92307692307692,76.92307692307692,100]},{"i":{"x":[0.81,0.81,0.81],"y":[1,1,1]},"o":{"x":[0.8,0.8,0.8],"y":[0,0,0]},"n":["0p81_1_0p8_0","0p81_1_0p8_0","0p81_1_0p8_0"],"t":49,"s":[76.92307692307692,76.92307692307692,100],"e":[80.76923076923077,80.76923076923077,100]},{"i":{"x":[0.81,0.81,0.81],"y":[1,1,1]},"o":{"x":[0.8,0.8,0.8],"y":[0,0,0]},"n":["0p81_1_0p8_0","0p81_1_0p8_0","0p81_1_0p8_0"],"t":53,"s":[80.76923076923077,80.76923076923077,100],"e":[76.92307692307692,76.92307692307692,100]},{"i":{"x":[0.833,0.833,0.833],"y":[1,1,1]},"o":{"x":[0.167,0.167,0.167],"y":[0,0,0]},"n":["0p833_1_0p167_0","0p833_1_0p167_0","0p833_1_0p167_0"],"t":55,"s":[76.92307692307692,76.92307692307692,100],"e":[76.92307692307692,76.92307692307692,100]},{"i":{"x":[0.81,0.81,0.81],"y":[1,1,1]},"o":{"x":[0.8,0.8,0.8],"y":[0,0,0]},"n":["0p81_1_0p8_0","0p81_1_0p8_0","0p81_1_0p8_0"],"t":74,"s":[76.92307692307692,76.92307692307692,100],"e":[80.76923076923077,80.76923076923077,100]},{"i":{"x":[0.81,0.81,0.81],"y":[1,1,1]},"o":{"x":[0.8,0.8,0.8],"y":[0,0,0]},"n":["0p81_1_0p8_0","0p81_1_0p8_0","0p81_1_0p8_0"],"t":78,"s":[80.76923076923077,80.76923076923077,100],"e":[76.92307692307692,76.92307692307692,100]},{"i":{"x":[0.833,0.833,0.833],"y":[1,1,1]},"o":{"x":[0.167,0.167,0.167],"y":[0,0,0]},"n":["0p833_1_0p167_0","0p833_1_0p167_0","0p833_1_0p167_0"],"t":80,"s":[76.92307692307692,76.92307692307692,100],"e":[76.92307692307692,76.92307692307692,100]},{"i":{"x":[0.81,0.81,0.81],"y":[1,1,1]},"o":{"x":[0.8,0.8,0.8],"y":[0,0,0]},"n":["0p81_1_0p8_0","0p81_1_0p8_0","0p81_1_0p8_0"],"t":99,"s":[76.92307692307692,76.92307692307692,100],"e":[80.76923076923077,80.76923076923077,100]},{"i":{"x":[0.81,0.81,0.81],"y":[1,1,1]},"o":{"x":[0.8,0.8,0.8],"y":[0,0,0]},"n":["0p81_1_0p8_0","0p81_1_0p8_0","0p81_1_0p8_0"],"t":103,"s":[80.76923076923077,80.76923076923077,100],"e":[76.92307692307692,76.92307692307692,100]},{"i":{"x":[0.833,0.833,0.833],"y":[1,1,1]},"o":{"x":[0.167,0.167,0.167],"y":[0,0,0]},"n":["0p833_1_0p167_0","0p833_1_0p167_0","0p833_1_0p167_0"],"t":105,"s":[76.92307692307692,76.92307692307692,100],"e":[76.92307692307692,76.92307692307692,100]},{"i":{"x":[0.81,0.81,0.81],"y":[1,1,1]},"o":{"x":[0.8,0.8,0.8],"y":[0,0,0]},"n":["0p81_1_0p8_0","0p81_1_0p8_0","0p81_1_0p8_0"],"t":124,"s":[76.92307692307692,76.92307692307692,100],"e":[80.76923076923077,80.76923076923077,100]},{"i":{"x":[0.81,0.81,0.81],"y":[1,1,1]},"o":{"x":[0.8,0.8,0.8],"y":[0,0,0]},"n":["0p81_1_0p8_0","0p81_1_0p8_0","0p81_1_0p8_0"],"t":128,"s":[80.76923076923077,80.76923076923077,100],"e":[76.92307692307692,76.92307692307692,100]},{"i":{"x":[0.833,0.833,0.833],"y":[1,1,1]},"o":{"x":[0.167,0.167,0.167],"y":[0,0,0]},"n":["0p833_1_0p167_0","0p833_1_0p167_0","0p833_1_0p167_0"],"t":130,"s":[76.92307692307692,76.92307692307692,100],"e":[76.92307692307692,76.92307692307692,100]},{"i":{"x":[0.81,0.81,0.81],"y":[1,1,1]},"o":{"x":[0.8,0.8,0.8],"y":[0,0,0]},"n":["0p81_1_0p8_0","0p81_1_0p8_0","0p81_1_0p8_0"],"t":149,"s":[76.92307692307692,76.92307692307692,100],"e":[80.76923076923077,80.76923076923077,100]},{"i":{"x":[0.81,0.81,0.81],"y":[1,1,1]},"o":{"x":[0.8,0.8,0.8],"y":[0,0,0]},"n":["0p81_1_0p8_0","0p81_1_0p8_0","0p81_1_0p8_0"],"t":153,"s":[80.76923076923077,80.76923076923077,100],"e":[76.92307692307692,76.92307692307692,100]},{"i":{"x":[0.833,0.833,0.833],"y":[1,1,1]},"o":{"x":[0.167,0.167,0.167],"y":[0,0,0]},"n":["0p833_1_0p167_0","0p833_1_0p167_0","0p833_1_0p167_0"],"t":155,"s":[76.92307692307692,76.92307692307692,100],"e":[76.92307692307692,76.92307692307692,100]},{"i":{"x":[0.81,0.81,0.81],"y":[1,1,1]},"o":{"x":[0.8,0.8,0.8],"y":[0,0,0]},"n":["0p81_1_0p8_0","0p81_1_0p8_0","0p81_1_0p8_0"],"t":173,"s":[76.92307692307692,76.92307692307692,100],"e":[80.76923076923077,80.76923076923077,100]},{"i":{"x":[0.81,0.81,0.81],"y":[1,1,1]},"o":{"x":[0.8,0.8,0.8],"y":[0,0,0]},"n":["0p81_1_0p8_0","0p81_1_0p8_0","0p81_1_0p8_0"],"t":177,"s":[80.76923076923077,80.76923076923077,100],"e":[76.92307692307692,76.92307692307692,100]},{"i":{"x":[0.833,0.833,0.833],"y":[1,1,1]},"o":{"x":[0.167,0.167,0.167],"y":[0,0,0]},"n":["0p833_1_0p167_0","0p833_1_0p167_0","0p833_1_0p167_0"],"t":179,"s":[76.92307692307692,76.92307692307692,100],"e":[76.92307692307692,76.92307692307692,100]},{"i":{"x":[0.81,0.81,0.81],"y":[1,1,1]},"o":{"x":[0.8,0.8,0.8],"y":[0,0,0]},"n":["0p81_1_0p8_0","0p81_1_0p8_0","0p81_1_0p8_0"],"t":198,"s":[76.92307692307692,76.92307692307692,100],"e":[80.76923076923077,80.76923076923077,100]},{"i":{"x":[0.81,0.81,0.81],"y":[1,1,1]},"o":{"x":[0.8,0.8,0.8],"y":[0,0,0]},"n":["0p81_1_0p8_0","0p81_1_0p8_0","0p81_1_0p8_0"],"t":202,"s":[80.76923076923077,80.76923076923077,100],"e":[76.92307692307692,76.92307692307692,100]},{"i":{"x":[0.833,0.833,0.833],"y":[1,1,1]},"o":{"x":[0.167,0.167,0.167],"y":[0,0,0]},"n":["0p833_1_0p167_0","0p833_1_0p167_0","0p833_1_0p167_0"],"t":204,"s":[76.92307692307692,76.92307692307692,100],"e":[76.92307692307692,76.92307692307692,100]},{"i":{"x":[0.81,0.81,0.81],"y":[1,1,1]},"o":{"x":[0.8,0.8,0.8],"y":[0,0,0]},"n":["0p81_1_0p8_0","0p81_1_0p8_0","0p81_1_0p8_0"],"t":211,"s":[76.92307692307692,76.92307692307692,100],"e":[80.76923076923077,80.76923076923077,100]},{"i":{"x":[0.81,0.81,0.81],"y":[1,1,1]},"o":{"x":[0.8,0.8,0.8],"y":[0,0,0]},"n":["0p81_1_0p8_0","0p81_1_0p8_0","0p81_1_0p8_0"],"t":215,"s":[80.76923076923077,80.76923076923077,100],"e":[76.92307692307692,76.92307692307692,100]},{"i":{"x":[0.833,0.833,0.833],"y":[1,1,1]},"o":{"x":[0.167,0.167,0.167],"y":[0,0,0]},"n":["0p833_1_0p167_0","0p833_1_0p167_0","0p833_1_0p167_0"],"t":217,"s":[76.92307692307692,76.92307692307692,100],"e":[76.92307692307692,76.92307692307692,100]},{"i":{"x":[0.81,0.81,0.81],"y":[1,1,1]},"o":{"x":[0.8,0.8,0.8],"y":[0,0,0]},"n":["0p81_1_0p8_0","0p81_1_0p8_0","0p81_1_0p8_0"],"t":223,"s":[76.92307692307692,76.92307692307692,100],"e":[80.76923076923077,80.76923076923077,100]},{"i":{"x":[0.81,0.81,0.81],"y":[1,1,1]},"o":{"x":[0.8,0.8,0.8],"y":[0,0,0]},"n":["0p81_1_0p8_0","0p81_1_0p8_0","0p81_1_0p8_0"],"t":227,"s":[80.76923076923077,80.76923076923077,100],"e":[76.92307692307692,76.92307692307692,100]},{"i":{"x":[0.833,0.833,0.833],"y":[1,1,1]},"o":{"x":[0.167,0.167,0.167],"y":[0,0,0]},"n":["0p833_1_0p167_0","0p833_1_0p167_0","0p833_1_0p167_0"],"t":229,"s":[76.92307692307692,76.92307692307692,100],"e":[76.92307692307692,76.92307692307692,100]},{"i":{"x":[0.81,0.81,0.81],"y":[1,1,1]},"o":{"x":[0.8,0.8,0.8],"y":[0,0,0]},"n":["0p81_1_0p8_0","0p81_1_0p8_0","0p81_1_0p8_0"],"t":236,"s":[76.92307692307692,76.92307692307692,100],"e":[80.76923076923077,80.76923076923077,100]},{"i":{"x":[0.81,0.81,0.81],"y":[1,1,1]},"o":{"x":[0.8,0.8,0.8],"y":[0,0,0]},"n":["0p81_1_0p8_0","0p81_1_0p8_0","0p81_1_0p8_0"],"t":240,"s":[80.76923076923077,80.76923076923077,100],"e":[76.92307692307692,76.92307692307692,100]},{"i":{"x":[0.833,0.833,0.833],"y":[1,1,1]},"o":{"x":[0.167,0.167,0.167],"y":[0,0,0]},"n":["0p833_1_0p167_0","0p833_1_0p167_0","0p833_1_0p167_0"],"t":242,"s":[76.92307692307692,76.92307692307692,100],"e":[76.92307692307692,76.92307692307692,100]},{"i":{"x":[0.81,0.81,0.81],"y":[1,1,1]},"o":{"x":[0.8,0.8,0.8],"y":[0,0,0]},"n":["0p81_1_0p8_0","0p81_1_0p8_0","0p81_1_0p8_0"],"t":248,"s":[76.92307692307692,76.92307692307692,100],"e":[80.76923076923077,80.76923076923077,100]},{"i":{"x":[0.81,0.81,0.81],"y":[1,1,1]},"o":{"x":[0.8,0.8,0.8],"y":[0,0,0]},"n":["0p81_1_0p8_0","0p81_1_0p8_0","0p81_1_0p8_0"],"t":252,"s":[80.76923076923077,80.76923076923077,100],"e":[76.92307692307692,76.92307692307692,100]},{"t":254}],"ix":6}},"ao":0,"w":650,"h":650,"ip":0,"op":303,"st":0,"bm":0}],"markers":[]}