{"v":"4.8.0","meta":{"g":"LottieFiles AE 1.0.0","a":"Ignite Animation | https://lottiefiles.com/lh29e48c2x","k":"loop, animation, ignite, gears, mechanical, shift, torque, mechanics, electronics, steam, punk, clutch, bike, gear, rotation, ratating, stuck, smooth, engineering, automotive, car, design","d":"Part of gears series by Ignite Animation. Check out the full collection at: https://lottiefiles.com/lh29e48c2x kai@igniteanimation.nl - for custom-tailored animations or AE files. ","tc":""},"fr":30,"ip":0,"op":120,"w":600,"h":600,"nm":"Gears stuck","ddd":0,"assets":[],"layers":[{"ddd":0,"ind":1,"ty":4,"nm":"Layer 2","sr":1,"ks":{"o":{"a":0,"k":100,"ix":11},"r":{"a":1,"k":[{"i":{"x":[0.138],"y":[1]},"o":{"x":[0.333],"y":[0]},"t":0,"s":[0]},{"i":{"x":[0.138],"y":[1]},"o":{"x":[0.333],"y":[0]},"t":17.252,"s":[-10]},{"i":{"x":[0.667],"y":[1]},"o":{"x":[0.862],"y":[0]},"t":46.309,"s":[-10]},{"i":{"x":[0.667],"y":[1]},"o":{"x":[0.167],"y":[0]},"t":63.561,"s":[0]},{"i":{"x":[0.138],"y":[1]},"o":{"x":[0.333],"y":[0]},"t":81.721,"s":[0]},{"i":{"x":[0.138],"y":[1]},"o":{"x":[0.333],"y":[0]},"t":98.973,"s":[-10]},{"i":{"x":[0.667],"y":[1]},"o":{"x":[0.862],"y":[0]},"t":128.027,"s":[-10]},{"i":{"x":[0.667],"y":[1]},"o":{"x":[0.167],"y":[0]},"t":145.279,"s":[0]},{"i":{"x":[0.138],"y":[1]},"o":{"x":[0.333],"y":[0]},"t":163.439,"s":[0]},{"i":{"x":[0.138],"y":[1]},"o":{"x":[0.333],"y":[0]},"t":180.691,"s":[-10]},{"i":{"x":[0.667],"y":[1]},"o":{"x":[0.862],"y":[0]},"t":209.748,"s":[-10]},{"t":227,"s":[0]}],"ix":10},"p":{"a":0,"k":[254.71699999999998,131.062,0],"ix":2},"a":{"a":0,"k":[-47.283,-171.438,0],"ix":1},"s":{"a":0,"k":[100,100,100],"ix":6}},"ao":0,"shapes":[{"ty":"gr","it":[{"ind":0,"ty":"sh","ix":1,"ks":{"a":0,"k":{"i":[[13.018,0],[0,13.018],[-13.018,0],[0,-13.018]],"o":[[-13.018,0],[0,-13.018],[13.018,0],[0,13.018]],"v":[[-47.283,-147.867],[-70.854,-171.438],[-47.283,-195.009],[-23.712,-171.438]],"c":true},"ix":2},"nm":"Path 1","mn":"ADBE Vector Shape - Group","hd":false},{"ind":1,"ty":"sh","ix":2,"ks":{"a":0,"k":{"i":[[3.673,1.203],[0,0],[0.708,2.661],[0.269,0.804],[-1.721,2.152],[0,0],[2.506,2.947],[3.587,2.713],[2.87,-2.572],[0,0],[2.659,0.722],[0.826,0.171],[1.002,2.562],[0,0],[3.793,-0.693],[4.262,-1.798],[-0.795,-3.785],[0,0],[1.958,-1.94],[0.559,-0.628],[2.722,0.414],[0,0],[1.294,-3.642],[0.572,-4.516],[-3.673,-1.203],[0,0],[-0.708,-2.661],[-0.269,-0.804],[1.721,-2.152],[0,0],[-2.506,-2.947],[-3.587,-2.713],[-2.87,2.572],[0,0],[-2.659,-0.722],[-0.826,-0.171],[-1.002,-2.562],[0,0],[-3.793,0.693],[-4.262,1.798],[0.795,3.785],[0,0],[-1.958,1.94],[-0.559,0.628],[-2.722,-0.414],[0,0],[-1.294,3.642],[-0.572,4.516]],"o":[[0,0],[-2.617,-0.857],[-0.216,-0.812],[-0.873,-2.613],[0,0],[2.416,-3.022],[-2.995,-3.522],[-3.074,-2.325],[0,0],[-2.052,1.839],[-0.814,-0.221],[-2.694,-0.556],[0,0],[-1.404,-3.591],[-4.423,0.808],[-3.564,1.503],[0,0],[0.567,2.697],[-0.602,0.597],[-1.831,2.056],[0,0],[-3.821,-0.581],[-1.524,4.288],[-0.486,3.835],[0,0],[2.617,0.857],[0.216,0.812],[0.873,2.613],[0,0],[-2.416,3.022],[2.995,3.522],[3.074,2.325],[0,0],[2.052,-1.839],[0.814,0.221],[2.694,0.556],[0,0],[1.404,3.591],[4.423,-0.808],[3.564,-1.503],[0,0],[-0.567,-2.697],[0.602,-0.597],[1.831,-2.056],[0,0],[3.821,0.581],[1.524,-4.288],[0.486,-3.835]],"v":[[9.706,-172.243],[-2.488,-176.237],[-7.781,-181.897],[-8.508,-184.321],[-7.183,-191.961],[0.846,-202.004],[0.681,-212.283],[-9.231,-221.643],[-19.471,-221.207],[-29.05,-212.623],[-36.603,-210.87],[-39.065,-211.458],[-45.005,-216.423],[-49.686,-228.395],[-58.635,-233.398],[-71.7,-229.499],[-76.476,-220.398],[-73.835,-207.827],[-76.096,-200.408],[-77.838,-198.57],[-85.112,-195.904],[-97.796,-197.833],[-106.612,-192.559],[-109.765,-179.312],[-104.271,-170.632],[-92.077,-166.639],[-86.784,-160.979],[-86.057,-158.554],[-87.382,-150.915],[-95.412,-140.872],[-95.246,-130.593],[-85.334,-121.232],[-75.094,-121.669],[-65.515,-130.253],[-57.962,-132.005],[-55.5,-131.417],[-49.56,-126.452],[-44.879,-114.48],[-35.93,-109.478],[-22.865,-113.377],[-18.089,-122.478],[-20.73,-135.049],[-18.469,-142.468],[-16.727,-144.305],[-9.453,-146.971],[3.231,-145.043],[12.047,-150.316],[15.2,-163.563]],"c":true},"ix":2},"nm":"Path 2","mn":"ADBE Vector Shape - Group","hd":false},{"ty":"fl","c":{"a":0,"k":[0.28627450980392155,0.5372549019607843,0.38823529411764707,1],"ix":4},"o":{"a":0,"k":100,"ix":5},"r":1,"bm":0,"nm":"Fill 1","mn":"ADBE Vector Graphic - Fill","hd":false},{"ty":"tr","p":{"a":0,"k":[0,0],"ix":2},"a":{"a":0,"k":[0,0],"ix":1},"s":{"a":0,"k":[100,100],"ix":3},"r":{"a":0,"k":0,"ix":6},"o":{"a":0,"k":100,"ix":7},"sk":{"a":0,"k":0,"ix":4},"sa":{"a":0,"k":0,"ix":5},"nm":"Transform"}],"nm":"Group 1","np":3,"cix":2,"bm":0,"ix":1,"mn":"ADBE Vector Group","hd":false}],"ip":0,"op":240,"st":0,"bm":0},{"ddd":0,"ind":2,"ty":3,"nm":"NULL CONTROL","sr":1,"ks":{"o":{"a":0,"k":0,"ix":11},"r":{"a":0,"k":0,"ix":10},"p":{"a":0,"k":[330.967,350.181,0],"ix":2},"a":{"a":0,"k":[60,60,0],"ix":1},"s":{"a":0,"k":[100,100,100],"ix":6}},"ao":0,"ip":0,"op":240,"st":0,"bm":0},{"ddd":0,"ind":3,"ty":4,"nm":"Layer 6","parent":2,"sr":1,"ks":{"o":{"a":0,"k":100,"ix":11},"r":{"a":0,"k":0,"ix":10},"p":{"a":0,"k":[249.297,-52.945,0],"ix":2},"a":{"a":0,"k":[0,0,0],"ix":1},"s":{"a":0,"k":[100,100,100],"ix":6}},"ao":0,"shapes":[{"ty":"gr","it":[{"ind":0,"ty":"sh","ix":1,"ks":{"a":0,"k":{"i":[[0,-9.958],[9.958,0],[0,9.958],[-9.958,0]],"o":[[0,9.958],[-9.958,0],[0,-9.958],[9.958,0]],"v":[[18.031,0],[0,18.031],[-18.031,0],[0,-18.031]],"c":true},"ix":2},"nm":"Path 1","mn":"ADBE Vector Shape - Group","hd":false},{"ty":"fl","c":{"a":0,"k":[0.28627450980392155,0.5372549019607843,0.38823529411764707,1],"ix":4},"o":{"a":0,"k":100,"ix":5},"r":1,"bm":0,"nm":"Fill 1","mn":"ADBE Vector Graphic - Fill","hd":false},{"ty":"tr","p":{"a":0,"k":[0,0],"ix":2},"a":{"a":0,"k":[0,0],"ix":1},"s":{"a":0,"k":[100,100],"ix":3},"r":{"a":0,"k":0,"ix":6},"o":{"a":0,"k":100,"ix":7},"sk":{"a":0,"k":0,"ix":4},"sa":{"a":0,"k":0,"ix":5},"nm":"Transform"}],"nm":"Group 1","np":2,"cix":2,"bm":0,"ix":1,"mn":"ADBE Vector Group","hd":false}],"ip":0,"op":240,"st":0,"bm":0},{"ddd":0,"ind":4,"ty":4,"nm":"Layer 5","parent":2,"sr":1,"ks":{"o":{"a":0,"k":100,"ix":11},"r":{"a":0,"k":0,"ix":10},"p":{"a":0,"k":[-129.297,172.945,0],"ix":2},"a":{"a":0,"k":[0,0,0],"ix":1},"s":{"a":0,"k":[100,100,100],"ix":6}},"ao":0,"shapes":[{"ty":"gr","it":[{"ind":0,"ty":"sh","ix":1,"ks":{"a":0,"k":{"i":[[0,-9.958],[9.958,0],[0,9.958],[-9.958,0]],"o":[[0,9.958],[-9.958,0],[0,-9.958],[9.958,0]],"v":[[18.031,0],[0,18.031],[-18.031,0],[0,-18.031]],"c":true},"ix":2},"nm":"Path 1","mn":"ADBE Vector Shape - Group","hd":false},{"ty":"fl","c":{"a":0,"k":[0.28627450980392155,0.5372549019607843,0.38823529411764707,1],"ix":4},"o":{"a":0,"k":100,"ix":5},"r":1,"bm":0,"nm":"Fill 1","mn":"ADBE Vector Graphic - Fill","hd":false},{"ty":"tr","p":{"a":0,"k":[0,0],"ix":2},"a":{"a":0,"k":[0,0],"ix":1},"s":{"a":0,"k":[100,100],"ix":3},"r":{"a":0,"k":0,"ix":6},"o":{"a":0,"k":100,"ix":7},"sk":{"a":0,"k":0,"ix":4},"sa":{"a":0,"k":0,"ix":5},"nm":"Transform"}],"nm":"Group 1","np":2,"cix":2,"bm":0,"ix":1,"mn":"ADBE Vector Group","hd":false}],"ip":0,"op":240,"st":0,"bm":0},{"ddd":0,"ind":5,"ty":4,"nm":"Layer 4","parent":2,"sr":1,"ks":{"o":{"a":0,"k":100,"ix":11},"r":{"a":1,"k":[{"i":{"x":[0.138],"y":[1]},"o":{"x":[0.333],"y":[0]},"t":0,"s":[0]},{"i":{"x":[0.138],"y":[1]},"o":{"x":[0.333],"y":[0]},"t":17.252,"s":[-5]},{"i":{"x":[0.667],"y":[1]},"o":{"x":[0.862],"y":[0]},"t":46.309,"s":[-5]},{"i":{"x":[0.667],"y":[1]},"o":{"x":[0.167],"y":[0]},"t":63.561,"s":[0]},{"i":{"x":[0.138],"y":[1]},"o":{"x":[0.333],"y":[0]},"t":81.721,"s":[0]},{"i":{"x":[0.138],"y":[1]},"o":{"x":[0.333],"y":[0]},"t":98.973,"s":[-5]},{"i":{"x":[0.667],"y":[1]},"o":{"x":[0.862],"y":[0]},"t":128.027,"s":[-5]},{"i":{"x":[0.667],"y":[1]},"o":{"x":[0.167],"y":[0]},"t":145.279,"s":[0]},{"i":{"x":[0.138],"y":[1]},"o":{"x":[0.333],"y":[0]},"t":163.439,"s":[0]},{"i":{"x":[0.138],"y":[1]},"o":{"x":[0.333],"y":[0]},"t":180.691,"s":[-5]},{"i":{"x":[0.667],"y":[1]},"o":{"x":[0.862],"y":[0]},"t":209.748,"s":[-5]},{"t":227,"s":[0]}],"ix":10},"p":{"a":0,"k":[249.297,-52.945,0],"ix":2},"a":{"a":0,"k":[0,0,0],"ix":1},"s":{"a":0,"k":[100,100,100],"ix":6}},"ao":0,"shapes":[{"ty":"gr","it":[{"ind":0,"ty":"sh","ix":1,"ks":{"a":0,"k":{"i":[[0.695,1.887],[3.635,-0.719],[0,0],[1.585,2.83],[1.676,2.412],[-1.957,2.588],[0,0],[2.587,2.682],[3.076,2.56],[2.8,-2.45],[0,0],[2.789,1.654],[2.67,1.258],[-0.401,3.218],[0,0],[3.574,1.034],[3.965,0.689],[1.201,-3.527],[0,0],[3.244,0.039],[2.962,-0.251],[1.262,2.988],[0,0],[3.597,-0.889],[1.946,-0.597],[1.887,-0.695],[-0.719,-3.635],[0,0],[2.83,-1.585],[2.412,-1.676],[2.588,1.957],[0,0],[2.682,-2.587],[2.56,-3.076],[-2.45,-2.8],[0,0],[1.654,-2.789],[1.258,-2.67],[3.218,0.401],[0,0],[1.034,-3.574],[0.689,-3.965],[-3.527,-1.201],[0,0],[0.039,-3.244],[-0.251,-2.963],[2.988,-1.262],[0,0],[-0.889,-3.597],[-0.597,-1.946],[-0.695,-1.887],[-3.635,0.719],[0,0],[-1.585,-2.83],[-1.676,-2.412],[1.957,-2.588],[0,0],[-2.587,-2.682],[-3.076,-2.56],[-2.8,2.45],[0,0],[-2.789,-1.654],[-2.67,-1.258],[0.401,-3.218],[0,0],[-3.574,-1.034],[-3.965,-0.689],[-1.201,3.527],[0,0],[-3.244,-0.039],[-2.963,0.251],[-1.262,-2.988],[0,0],[-3.597,0.889],[-1.946,0.597],[-1.887,0.695],[0.719,3.635],[0,0],[-2.83,1.585],[-2.412,1.676],[-2.588,-1.957],[0,0],[-2.682,2.587],[-2.56,3.076],[2.45,2.8],[0,0],[-1.654,2.789],[-1.258,2.67],[-3.218,-0.401],[0,0],[-1.034,3.574],[-0.689,3.965],[3.527,1.201],[0,0],[-0.039,3.244],[0.251,2.963],[-2.988,1.262],[0,0],[0.889,3.597],[0.597,1.946]],"o":[[-1.28,-3.477],[0,0],[-3.182,0.63],[-1.453,-2.594],[-1.851,-2.665],[0,0],[2.248,-2.972],[-2.794,-2.897],[-2.86,-2.38],[0,0],[-2.44,2.136],[-2.538,-1.506],[-2.933,-1.382],[0,0],[0.46,-3.692],[-3.844,-1.112],[-3.671,-0.638],[0,0],[-1.046,3.071],[-2.937,-0.036],[-3.232,0.274],[0,0],[-1.442,-3.414],[-1.952,0.483],[-1.946,0.597],[-3.477,1.28],[0,0],[0.63,3.182],[-2.594,1.453],[-2.665,1.851],[0,0],[-2.972,-2.248],[-2.897,2.794],[-2.38,2.86],[0,0],[2.136,2.44],[-1.506,2.538],[-1.382,2.933],[0,0],[-3.692,-0.46],[-1.112,3.844],[-0.638,3.671],[0,0],[3.071,1.046],[-0.036,2.937],[0.274,3.232],[0,0],[-3.414,1.442],[0.483,1.952],[0.597,1.946],[1.28,3.477],[0,0],[3.182,-0.63],[1.453,2.594],[1.851,2.665],[0,0],[-2.248,2.972],[2.794,2.897],[2.86,2.38],[0,0],[2.44,-2.136],[2.538,1.506],[2.933,1.382],[0,0],[-0.46,3.692],[3.844,1.112],[3.671,0.638],[0,0],[1.046,-3.071],[2.937,0.036],[3.232,-0.274],[0,0],[1.442,3.413],[1.952,-0.483],[1.946,-0.597],[3.477,-1.28],[0,0],[-0.63,-3.182],[2.594,-1.453],[2.665,-1.851],[0,0],[2.972,2.248],[2.897,-2.794],[2.38,-2.86],[0,0],[-2.136,-2.44],[1.506,-2.538],[1.382,-2.933],[0,0],[3.692,0.46],[1.112,-3.844],[0.638,-3.671],[0,0],[-3.071,-1.046],[0.036,-2.937],[-0.274,-3.232],[0,0],[3.413,-1.442],[-0.483,-1.952],[-0.597,-1.946]],"v":[[103.381,-38.047],[94.833,-42.824],[88.671,-41.605],[80.654,-45.266],[75.956,-52.777],[76.163,-61.589],[79.962,-66.612],[79.358,-76.428],[70.546,-84.619],[60.723,-84.51],[55.971,-80.351],[47.201,-79.512],[39.383,-83.66],[35.162,-91.393],[35.942,-97.66],[30.526,-105.855],[18.803,-108.561],[10.335,-103.558],[8.305,-97.596],[1.124,-92.485],[-7.728,-92.165],[-15.255,-96.751],[-17.699,-102.537],[-26.447,-106.938],[-32.296,-105.32],[-38.047,-103.381],[-42.825,-94.833],[-41.605,-88.671],[-45.266,-80.654],[-52.777,-75.956],[-61.589,-76.163],[-66.612,-79.962],[-76.428,-79.358],[-84.619,-70.546],[-84.51,-60.723],[-80.351,-55.971],[-79.512,-47.201],[-83.66,-39.383],[-91.393,-35.162],[-97.66,-35.942],[-105.855,-30.526],[-108.561,-18.803],[-103.558,-10.335],[-97.596,-8.305],[-92.485,-1.124],[-92.165,7.729],[-96.751,15.255],[-102.537,17.699],[-106.938,26.447],[-105.32,32.296],[-103.381,38.047],[-94.833,42.824],[-88.671,41.605],[-80.654,45.266],[-75.956,52.777],[-76.163,61.589],[-79.962,66.612],[-79.358,76.428],[-70.546,84.619],[-60.723,84.51],[-55.971,80.351],[-47.201,79.512],[-39.383,83.66],[-35.162,91.393],[-35.942,97.66],[-30.526,105.855],[-18.803,108.561],[-10.335,103.558],[-8.305,97.596],[-1.124,92.485],[7.728,92.165],[15.255,96.751],[17.699,102.537],[26.447,106.938],[32.296,105.32],[38.047,103.381],[42.825,94.833],[41.605,88.671],[45.266,80.654],[52.777,75.956],[61.589,76.163],[66.612,79.962],[76.428,79.358],[84.619,70.546],[84.51,60.723],[80.351,55.971],[79.512,47.201],[83.66,39.384],[91.393,35.162],[97.66,35.942],[105.855,30.526],[108.561,18.803],[103.558,10.335],[97.596,8.305],[92.485,1.124],[92.165,-7.729],[96.751,-15.255],[102.537,-17.699],[106.938,-26.447],[105.32,-32.296]],"c":true},"ix":2},"nm":"Path 1","mn":"ADBE Vector Shape - Group","hd":false},{"ty":"st","c":{"a":0,"k":[0.28627450980392155,0.5372549019607843,0.38823529411764707,1],"ix":3},"o":{"a":0,"k":100,"ix":4},"w":{"a":0,"k":5,"ix":5},"lc":2,"lj":1,"ml":10,"bm":0,"nm":"Stroke 1","mn":"ADBE Vector Graphic - Stroke","hd":false},{"ty":"tr","p":{"a":0,"k":[0,0],"ix":2},"a":{"a":0,"k":[0,0],"ix":1},"s":{"a":0,"k":[100,100],"ix":3},"r":{"a":0,"k":0,"ix":6},"o":{"a":0,"k":100,"ix":7},"sk":{"a":0,"k":0,"ix":4},"sa":{"a":0,"k":0,"ix":5},"nm":"Transform"}],"nm":"Group 1","np":2,"cix":2,"bm":0,"ix":1,"mn":"ADBE Vector Group","hd":false},{"ty":"tm","s":{"a":0,"k":0,"ix":1},"e":{"a":0,"k":50,"ix":2},"o":{"a":1,"k":[{"i":{"x":[0.833],"y":[1]},"o":{"x":[0.333],"y":[0]},"t":0,"s":[72]},{"i":{"x":[0.833],"y":[1]},"o":{"x":[0.167],"y":[0]},"t":17.252,"s":[67]},{"i":{"x":[0.667],"y":[1]},"o":{"x":[0.167],"y":[0]},"t":46.309,"s":[67]},{"i":{"x":[0.667],"y":[1]},"o":{"x":[0.333],"y":[0]},"t":63.561,"s":[72]},{"i":{"x":[0.833],"y":[1]},"o":{"x":[0.333],"y":[0]},"t":81.721,"s":[72]},{"i":{"x":[0.833],"y":[1]},"o":{"x":[0.167],"y":[0]},"t":98.973,"s":[67]},{"i":{"x":[0.667],"y":[1]},"o":{"x":[0.167],"y":[0]},"t":128.027,"s":[67]},{"i":{"x":[0.667],"y":[1]},"o":{"x":[0.333],"y":[0]},"t":145.279,"s":[72]},{"i":{"x":[0.833],"y":[1]},"o":{"x":[0.333],"y":[0]},"t":163.439,"s":[72]},{"i":{"x":[0.833],"y":[1]},"o":{"x":[0.167],"y":[0]},"t":180.691,"s":[67]},{"i":{"x":[0.667],"y":[1]},"o":{"x":[0.167],"y":[0]},"t":209.748,"s":[67]},{"t":227,"s":[72]}],"ix":3},"m":1,"ix":2,"nm":"Trim Paths 1","mn":"ADBE Vector Filter - Trim","hd":false}],"ip":0,"op":240,"st":0,"bm":0},{"ddd":0,"ind":6,"ty":4,"nm":"Layer 3","parent":2,"sr":1,"ks":{"o":{"a":0,"k":100,"ix":11},"r":{"a":1,"k":[{"i":{"x":[0.138],"y":[1]},"o":{"x":[0.333],"y":[0]},"t":0,"s":[0]},{"i":{"x":[0.138],"y":[1]},"o":{"x":[0.333],"y":[0]},"t":17.252,"s":[-4]},{"i":{"x":[0.667],"y":[1]},"o":{"x":[0.862],"y":[0]},"t":46.309,"s":[-4]},{"i":{"x":[0.667],"y":[1]},"o":{"x":[0.167],"y":[0]},"t":63.561,"s":[0]},{"i":{"x":[0.138],"y":[1]},"o":{"x":[0.333],"y":[0]},"t":81.721,"s":[0]},{"i":{"x":[0.138],"y":[1]},"o":{"x":[0.333],"y":[0]},"t":98.973,"s":[-4]},{"i":{"x":[0.667],"y":[1]},"o":{"x":[0.862],"y":[0]},"t":128.027,"s":[-4]},{"i":{"x":[0.667],"y":[1]},"o":{"x":[0.167],"y":[0]},"t":145.279,"s":[0]},{"i":{"x":[0.138],"y":[1]},"o":{"x":[0.333],"y":[0]},"t":163.439,"s":[0]},{"i":{"x":[0.138],"y":[1]},"o":{"x":[0.167],"y":[0]},"t":180.691,"s":[-4]},{"i":{"x":[0.667],"y":[1]},"o":{"x":[0.862],"y":[0]},"t":210,"s":[-4]},{"t":227.251953125,"s":[0]}],"ix":10},"p":{"a":0,"k":[-129.297,172.945,0],"ix":2},"a":{"a":0,"k":[0,0,0],"ix":1},"s":{"a":0,"k":[100,100,100],"ix":6}},"ao":0,"shapes":[{"ty":"gr","it":[{"ind":0,"ty":"sh","ix":1,"ks":{"a":0,"k":{"i":[[0.695,1.887],[3.635,-0.719],[0,0],[1.585,2.83],[1.676,2.412],[-1.957,2.588],[0,0],[2.587,2.682],[3.076,2.56],[2.8,-2.45],[0,0],[2.789,1.654],[2.67,1.258],[-0.401,3.218],[0,0],[3.574,1.034],[3.965,0.689],[1.201,-3.527],[0,0],[3.244,0.039],[2.962,-0.251],[1.262,2.988],[0,0],[3.597,-0.889],[1.946,-0.597],[1.887,-0.695],[-0.719,-3.635],[0,0],[2.83,-1.585],[2.412,-1.676],[2.588,1.957],[0,0],[2.682,-2.587],[2.56,-3.076],[-2.45,-2.8],[0,0],[1.654,-2.789],[1.258,-2.67],[3.218,0.401],[0,0],[1.034,-3.574],[0.689,-3.965],[-3.527,-1.201],[0,0],[0.039,-3.244],[-0.251,-2.963],[2.988,-1.262],[0,0],[-0.889,-3.597],[-0.597,-1.946],[-0.695,-1.887],[-3.635,0.719],[0,0],[-1.585,-2.83],[-1.676,-2.412],[1.957,-2.588],[0,0],[-2.587,-2.682],[-3.076,-2.56],[-2.8,2.45],[0,0],[-2.789,-1.654],[-2.67,-1.258],[0.401,-3.218],[0,0],[-3.574,-1.034],[-3.965,-0.689],[-1.201,3.527],[0,0],[-3.244,-0.039],[-2.963,0.251],[-1.262,-2.988],[0,0],[-3.597,0.889],[-1.946,0.597],[-1.887,0.695],[0.719,3.635],[0,0],[-2.83,1.585],[-2.412,1.676],[-2.588,-1.957],[0,0],[-2.682,2.587],[-2.56,3.076],[2.45,2.8],[0,0],[-1.654,2.789],[-1.258,2.67],[-3.218,-0.401],[0,0],[-1.034,3.574],[-0.689,3.965],[3.527,1.201],[0,0],[-0.039,3.244],[0.251,2.963],[-2.988,1.262],[0,0],[0.889,3.597],[0.597,1.946]],"o":[[-1.28,-3.477],[0,0],[-3.182,0.63],[-1.453,-2.594],[-1.851,-2.665],[0,0],[2.248,-2.972],[-2.794,-2.897],[-2.86,-2.38],[0,0],[-2.44,2.136],[-2.538,-1.506],[-2.933,-1.382],[0,0],[0.46,-3.692],[-3.844,-1.112],[-3.671,-0.638],[0,0],[-1.046,3.071],[-2.937,-0.036],[-3.232,0.274],[0,0],[-1.442,-3.414],[-1.952,0.483],[-1.946,0.597],[-3.477,1.28],[0,0],[0.63,3.182],[-2.594,1.453],[-2.665,1.851],[0,0],[-2.972,-2.248],[-2.897,2.794],[-2.38,2.86],[0,0],[2.136,2.44],[-1.506,2.538],[-1.382,2.933],[0,0],[-3.692,-0.46],[-1.112,3.844],[-0.638,3.671],[0,0],[3.071,1.046],[-0.036,2.937],[0.274,3.232],[0,0],[-3.414,1.442],[0.483,1.952],[0.597,1.946],[1.28,3.477],[0,0],[3.182,-0.63],[1.453,2.594],[1.851,2.665],[0,0],[-2.248,2.972],[2.794,2.897],[2.86,2.38],[0,0],[2.44,-2.136],[2.538,1.506],[2.933,1.382],[0,0],[-0.46,3.692],[3.844,1.112],[3.671,0.638],[0,0],[1.046,-3.071],[2.937,0.036],[3.232,-0.274],[0,0],[1.442,3.413],[1.952,-0.483],[1.946,-0.597],[3.477,-1.28],[0,0],[-0.63,-3.182],[2.594,-1.453],[2.665,-1.851],[0,0],[2.972,2.248],[2.897,-2.794],[2.38,-2.86],[0,0],[-2.136,-2.44],[1.506,-2.538],[1.382,-2.933],[0,0],[3.692,0.46],[1.112,-3.844],[0.638,-3.671],[0,0],[-3.071,-1.046],[0.036,-2.937],[-0.274,-3.232],[0,0],[3.413,-1.442],[-0.483,-1.952],[-0.597,-1.946]],"v":[[103.381,-38.047],[94.833,-42.824],[88.671,-41.605],[80.654,-45.266],[75.956,-52.777],[76.163,-61.589],[79.962,-66.612],[79.358,-76.428],[70.546,-84.619],[60.723,-84.51],[55.971,-80.351],[47.201,-79.512],[39.383,-83.66],[35.162,-91.393],[35.942,-97.66],[30.526,-105.855],[18.803,-108.561],[10.335,-103.558],[8.305,-97.596],[1.124,-92.485],[-7.728,-92.165],[-15.255,-96.751],[-17.699,-102.537],[-26.447,-106.938],[-32.296,-105.32],[-38.047,-103.381],[-42.825,-94.833],[-41.605,-88.671],[-45.266,-80.654],[-52.777,-75.956],[-61.589,-76.163],[-66.612,-79.962],[-76.428,-79.358],[-84.619,-70.546],[-84.51,-60.723],[-80.351,-55.971],[-79.512,-47.201],[-83.66,-39.383],[-91.393,-35.162],[-97.66,-35.942],[-105.855,-30.526],[-108.561,-18.803],[-103.558,-10.335],[-97.596,-8.305],[-92.485,-1.124],[-92.165,7.729],[-96.751,15.255],[-102.537,17.699],[-106.938,26.447],[-105.32,32.296],[-103.381,38.047],[-94.833,42.824],[-88.671,41.605],[-80.654,45.266],[-75.956,52.777],[-76.163,61.589],[-79.962,66.612],[-79.358,76.428],[-70.546,84.619],[-60.723,84.51],[-55.971,80.351],[-47.201,79.512],[-39.383,83.66],[-35.162,91.393],[-35.942,97.66],[-30.526,105.855],[-18.803,108.561],[-10.335,103.558],[-8.305,97.596],[-1.124,92.485],[7.728,92.165],[15.255,96.751],[17.699,102.537],[26.447,106.938],[32.296,105.32],[38.047,103.381],[42.825,94.833],[41.605,88.671],[45.266,80.654],[52.777,75.956],[61.589,76.163],[66.612,79.962],[76.428,79.358],[84.619,70.546],[84.51,60.723],[80.351,55.971],[79.512,47.201],[83.66,39.384],[91.393,35.162],[97.66,35.942],[105.855,30.526],[108.561,18.803],[103.558,10.335],[97.596,8.305],[92.485,1.124],[92.165,-7.729],[96.751,-15.255],[102.537,-17.699],[106.938,-26.447],[105.32,-32.296]],"c":true},"ix":2},"nm":"Path 1","mn":"ADBE Vector Shape - Group","hd":false},{"ty":"st","c":{"a":0,"k":[0.28627450980392155,0.5372549019607843,0.38823529411764707,1],"ix":3},"o":{"a":0,"k":100,"ix":4},"w":{"a":0,"k":5,"ix":5},"lc":2,"lj":1,"ml":10,"bm":0,"nm":"Stroke 1","mn":"ADBE Vector Graphic - Stroke","hd":false},{"ty":"tr","p":{"a":0,"k":[0,0],"ix":2},"a":{"a":0,"k":[0,0],"ix":1},"s":{"a":0,"k":[100,100],"ix":3},"r":{"a":0,"k":0,"ix":6},"o":{"a":0,"k":100,"ix":7},"sk":{"a":0,"k":0,"ix":4},"sa":{"a":0,"k":0,"ix":5},"nm":"Transform"}],"nm":"Group 1","np":2,"cix":2,"bm":0,"ix":1,"mn":"ADBE Vector Group","hd":false},{"ty":"tm","s":{"a":0,"k":0,"ix":1},"e":{"a":0,"k":45,"ix":2},"o":{"a":1,"k":[{"i":{"x":[0.833],"y":[1]},"o":{"x":[0.333],"y":[0]},"t":0,"s":[-54]},{"i":{"x":[0.833],"y":[1]},"o":{"x":[0.167],"y":[0]},"t":17.252,"s":[-59]},{"i":{"x":[0.667],"y":[1]},"o":{"x":[0.167],"y":[0]},"t":46.309,"s":[-59]},{"i":{"x":[0.667],"y":[1]},"o":{"x":[0.333],"y":[0]},"t":63.561,"s":[-54]},{"i":{"x":[0.833],"y":[1]},"o":{"x":[0.333],"y":[0]},"t":81.721,"s":[-54]},{"i":{"x":[0.833],"y":[1]},"o":{"x":[0.167],"y":[0]},"t":98.973,"s":[-59]},{"i":{"x":[0.667],"y":[1]},"o":{"x":[0.167],"y":[0]},"t":128.027,"s":[-59]},{"i":{"x":[0.667],"y":[1]},"o":{"x":[0.333],"y":[0]},"t":145.279,"s":[-54]},{"i":{"x":[0.833],"y":[1]},"o":{"x":[0.333],"y":[0]},"t":163.439,"s":[-54]},{"i":{"x":[0.833],"y":[1]},"o":{"x":[0.167],"y":[0]},"t":180.691,"s":[-59]},{"i":{"x":[0.667],"y":[1]},"o":{"x":[0.167],"y":[0]},"t":210,"s":[-59]},{"t":227.251953125,"s":[-54]}],"ix":3},"m":1,"ix":2,"nm":"Trim Paths 1","mn":"ADBE Vector Filter - Trim","hd":false}],"ip":0,"op":240,"st":0,"bm":0},{"ddd":0,"ind":7,"ty":4,"nm":"Main","sr":1,"ks":{"o":{"a":0,"k":100,"ix":11},"r":{"a":1,"k":[{"i":{"x":[0.138],"y":[1]},"o":{"x":[0.333],"y":[0]},"t":0,"s":[0]},{"i":{"x":[0.138],"y":[1]},"o":{"x":[0.333],"y":[0]},"t":17.252,"s":[5]},{"i":{"x":[0.667],"y":[1]},"o":{"x":[0.862],"y":[0]},"t":46.309,"s":[5]},{"i":{"x":[0.667],"y":[1]},"o":{"x":[0.167],"y":[0]},"t":63.561,"s":[0]},{"i":{"x":[0.138],"y":[1]},"o":{"x":[0.333],"y":[0]},"t":81.721,"s":[0]},{"i":{"x":[0.138],"y":[1]},"o":{"x":[0.333],"y":[0]},"t":98.973,"s":[5]},{"i":{"x":[0.667],"y":[1]},"o":{"x":[0.862],"y":[0]},"t":128.027,"s":[5]},{"i":{"x":[0.667],"y":[1]},"o":{"x":[0.167],"y":[0]},"t":145.279,"s":[0]},{"i":{"x":[0.138],"y":[1]},"o":{"x":[0.333],"y":[0]},"t":163.439,"s":[0]},{"i":{"x":[0.138],"y":[1]},"o":{"x":[0.333],"y":[0]},"t":180.691,"s":[5]},{"i":{"x":[0.667],"y":[1]},"o":{"x":[0.862],"y":[0]},"t":209.748,"s":[5]},{"t":227,"s":[0]}],"ix":10},"p":{"a":0,"k":[300,300,0],"ix":2},"a":{"a":0,"k":[0,0,0],"ix":1},"s":{"a":0,"k":[104,104,100],"ix":6}},"ao":0,"shapes":[{"ty":"gr","it":[{"ind":0,"ty":"sh","ix":1,"ks":{"a":0,"k":{"i":[[2.547,0],[0,0],[1.273,2.206],[0,0],[-1.273,2.206],[0,0],[-2.547,0],[0,0],[-1.273,-2.206],[0,0],[1.273,-2.206],[0,0]],"o":[[0,0],[-2.547,0],[0,0],[-1.273,-2.206],[0,0],[1.273,-2.206],[0,0],[2.547,0],[0,0],[1.273,2.206],[0,0],[-1.273,2.206]],"v":[[12.033,27.97],[-12.033,27.97],[-18.206,24.405],[-30.239,3.564],[-30.239,-3.564],[-18.206,-24.405],[-12.033,-27.97],[12.033,-27.97],[18.206,-24.405],[30.239,-3.564],[30.239,3.564],[18.206,24.405]],"c":true},"ix":2},"nm":"Path 1","mn":"ADBE Vector Shape - Group","hd":false},{"ind":1,"ty":"sh","ix":2,"ks":{"a":0,"k":{"i":[[0.101,2.08],[4.84,0.496],[0,0],[0.937,4.18],[0.872,2.797],[-3.473,2.51],[0,0],[2.232,4.329],[2.261,3.506],[4.438,-1.989],[0,0],[2.903,3.147],[2.163,1.995],[-1.752,3.907],[0,0],[4.087,2.636],[3.728,1.922],[2.853,-3.947],[0,0],[4.091,1.275],[2.889,0.648],[0.437,4.261],[0,0],[4.859,0.236],[2.105,0],[2.08,-0.101],[0.496,-4.84],[0,0],[4.18,-0.937],[2.797,-0.872],[2.51,3.473],[0,0],[4.329,-2.232],[3.507,-2.261],[-1.989,-4.438],[0,0],[3.147,-2.903],[1.995,-2.163],[3.907,1.752],[0,0],[2.636,-4.087],[1.922,-3.728],[-3.947,-2.853],[0,0],[1.275,-4.09],[0.648,-2.889],[4.261,-0.437],[0,0],[0.236,-4.859],[0,-2.105],[-0.101,-2.08],[-4.84,-0.496],[0,0],[-0.937,-4.18],[-0.872,-2.797],[3.473,-2.51],[0,0],[-2.232,-4.329],[-2.261,-3.507],[-4.438,1.989],[0,0],[-2.903,-3.147],[-2.163,-1.995],[1.752,-3.907],[0,0],[-4.087,-2.636],[-3.728,-1.922],[-2.853,3.948],[0,0],[-4.09,-1.275],[-2.889,-0.648],[-0.437,-4.261],[0,0],[-4.859,-0.236],[-2.105,0],[-2.08,0.101],[-0.496,4.84],[0,0],[-4.18,0.937],[-2.797,0.872],[-2.51,-3.473],[0,0],[-4.329,2.232],[-3.507,2.261],[1.989,4.438],[0,0],[-3.147,2.903],[-1.995,2.163],[-3.907,-1.752],[0,0],[-2.636,4.087],[-1.922,3.728],[3.948,2.853],[0,0],[-1.275,4.091],[-0.648,2.889],[-4.261,0.437],[0,0],[-0.236,4.859],[0,2.105]],"o":[[-0.236,-4.859],[0,0],[-4.261,-0.437],[-0.648,-2.889],[-1.275,-4.09],[0,0],[3.947,-2.853],[-1.922,-3.728],[-2.636,-4.087],[0,0],[-3.907,1.752],[-1.995,-2.163],[-3.147,-2.903],[0,0],[1.989,-4.438],[-3.507,-2.261],[-4.329,-2.232],[0,0],[-2.51,3.473],[-2.797,-0.872],[-4.18,-0.937],[0,0],[-0.496,-4.84],[-2.08,-0.101],[-2.105,0],[-4.859,0.236],[0,0],[-0.437,4.261],[-2.889,0.648],[-4.091,1.275],[0,0],[-2.853,-3.947],[-3.728,1.922],[-4.087,2.636],[0,0],[1.752,3.907],[-2.163,1.995],[-2.903,3.147],[0,0],[-4.438,-1.989],[-2.261,3.506],[-2.232,4.329],[0,0],[3.473,2.51],[-0.872,2.797],[-0.937,4.18],[0,0],[-4.84,0.496],[-0.101,2.08],[0,2.105],[0.236,4.859],[0,0],[4.261,0.437],[0.648,2.889],[1.275,4.091],[0,0],[-3.948,2.853],[1.922,3.728],[2.636,4.087],[0,0],[3.907,-1.752],[1.995,2.163],[3.147,2.903],[0,0],[-1.989,4.438],[3.507,2.261],[4.329,2.232],[0,0],[2.51,-3.473],[2.797,0.872],[4.18,0.937],[0,0],[0.496,4.84],[2.08,0.101],[2.105,0],[4.859,-0.236],[0,0],[0.437,-4.261],[2.889,-0.648],[4.09,-1.275],[0,0],[2.853,3.948],[3.728,-1.922],[4.087,-2.636],[0,0],[-1.752,-3.907],[2.163,-1.995],[2.903,-3.147],[0,0],[4.438,1.989],[2.261,-3.507],[2.232,-4.329],[0,0],[-3.473,-2.51],[0.872,-2.797],[0.937,-4.18],[0,0],[4.84,-0.496],[0.101,-2.08],[0,-2.105]],"v":[[129.605,-6.278],[120.72,-15.566],[114.952,-16.158],[106.287,-23.907],[104.004,-32.44],[107.634,-43.486],[112.345,-46.89],[115.39,-59.391],[109.11,-70.248],[96.773,-73.845],[91.448,-71.458],[80.072,-73.832],[73.832,-80.072],[71.458,-91.448],[73.845,-96.773],[70.248,-109.11],[59.391,-115.39],[46.89,-112.345],[43.486,-107.635],[32.44,-104.004],[23.907,-106.287],[16.158,-114.953],[15.566,-120.72],[6.277,-129.605],[0,-129.758],[-6.277,-129.605],[-15.566,-120.72],[-16.158,-114.953],[-23.907,-106.287],[-32.44,-104.004],[-43.486,-107.635],[-46.89,-112.345],[-59.391,-115.39],[-70.248,-109.11],[-73.845,-96.773],[-71.458,-91.448],[-73.832,-80.072],[-80.072,-73.832],[-91.448,-71.458],[-96.773,-73.845],[-109.11,-70.248],[-115.39,-59.391],[-112.345,-46.89],[-107.634,-43.486],[-104.004,-32.44],[-106.287,-23.907],[-114.952,-16.158],[-120.72,-15.566],[-129.605,-6.278],[-129.758,0],[-129.605,6.277],[-120.72,15.566],[-114.952,16.157],[-106.287,23.907],[-104.004,32.44],[-107.635,43.486],[-112.345,46.89],[-115.39,59.391],[-109.11,70.248],[-96.773,73.845],[-91.448,71.458],[-80.072,73.832],[-73.832,80.072],[-71.458,91.448],[-73.845,96.773],[-70.248,109.11],[-59.391,115.39],[-46.89,112.345],[-43.486,107.635],[-32.44,104.004],[-23.907,106.287],[-16.158,114.952],[-15.566,120.72],[-6.278,129.605],[0,129.758],[6.278,129.605],[15.566,120.72],[16.158,114.952],[23.907,106.287],[32.44,104.004],[43.486,107.635],[46.89,112.345],[59.391,115.39],[70.248,109.11],[73.845,96.773],[71.458,91.448],[73.832,80.072],[80.072,73.832],[91.448,71.458],[96.773,73.845],[109.11,70.248],[115.39,59.391],[112.345,46.89],[107.635,43.486],[104.004,32.44],[106.287,23.907],[114.952,16.157],[120.72,15.566],[129.605,6.277],[129.758,0]],"c":true},"ix":2},"nm":"Path 2","mn":"ADBE Vector Shape - Group","hd":false},{"ty":"fl","c":{"a":0,"k":[0.8313725490196079,0.9019607843137255,0.4392156862745098,1],"ix":4},"o":{"a":0,"k":100,"ix":5},"r":1,"bm":0,"nm":"Fill 1","mn":"ADBE Vector Graphic - Fill","hd":false},{"ty":"tr","p":{"a":0,"k":[0,0],"ix":2},"a":{"a":0,"k":[0,0],"ix":1},"s":{"a":0,"k":[100,100],"ix":3},"r":{"a":0,"k":0,"ix":6},"o":{"a":0,"k":100,"ix":7},"sk":{"a":0,"k":0,"ix":4},"sa":{"a":0,"k":0,"ix":5},"nm":"Transform"}],"nm":"Group 1","np":3,"cix":2,"bm":0,"ix":1,"mn":"ADBE Vector Group","hd":false}],"ip":0,"op":240,"st":0,"bm":0}],"markers":[]}