{"v":"4.10.2","fr":30,"ip":0,"op":180,"w":1080,"h":1920,"nm":"Layer 1/tree","ddd":0,"assets":[],"layers":[{"ddd":0,"ind":1,"ty":4,"nm":"tag Outlines","sr":1,"ks":{"o":{"a":0,"k":100,"ix":11},"r":{"a":0,"k":0,"ix":10},"p":{"a":1,"k":[{"i":{"x":0.667,"y":1},"o":{"x":0.333,"y":0},"n":"0p667_1_0p333_0","t":144,"s":[1239,547,0],"e":[545,1343,0],"to":[-115.666664123535,132.66667175293,0],"ti":[115.666664123535,-132.66667175293,0]},{"t":169}],"ix":2},"a":{"a":0,"k":[357.157,326.462,0],"ix":1},"s":{"a":1,"k":[{"i":{"x":[0.667,0.667,0.667],"y":[1,1,1]},"o":{"x":[0.333,0.333,0.333],"y":[0,0,0]},"n":["0p667_1_0p333_0","0p667_1_0p333_0","0p667_1_0p333_0"],"t":144,"s":[292.361,292.361,100],"e":[119.656,119.656,100]},{"t":169}],"ix":6}},"ao":0,"shapes":[{"ty":"gr","it":[{"ind":0,"ty":"sh","ix":1,"ks":{"a":0,"k":{"i":[[6.036,0.013],[-0.013,6.036],[-6.036,-0.014],[0.013,-6.036]],"o":[[-6.036,-0.014],[0.014,-6.036],[6.036,0.014],[-0.014,6.036]],"v":[[0.217,-75.202],[-10.688,-86.156],[0.266,-97.061],[11.171,-86.107]],"c":true},"ix":2},"nm":"Path 1","mn":"ADBE Vector Shape - Group","hd":false},{"ind":1,"ty":"sh","ix":2,"ks":{"a":0,"k":{"i":[[0,0],[3.643,3.23],[0,0],[6.573,-5.775],[0,0],[0.01,-4.869],[0,0],[-6.927,-0.015],[0,0],[-0.015,6.927]],"o":[[0.011,-4.869],[0,0],[-6.546,-5.804],[0,0],[-3.657,3.214],[0,0],[-0.016,6.927],[0,0],[6.928,0.015],[0,0]],"v":[[62.682,-61.207],[56.969,-73.945],[11.785,-114.005],[-11.178,-114.056],[-56.54,-74.198],[-62.309,-61.486],[-62.681,105.58],[-50.167,118.151],[49.738,118.374],[62.309,105.859]],"c":true},"ix":2},"nm":"Path 2","mn":"ADBE Vector Shape - Group","hd":false},{"ty":"mm","mm":1,"nm":"Merge Paths 1","mn":"ADBE Vector Filter - Merge","hd":false},{"ty":"mm","mm":4,"nm":"Merge Paths 2","mn":"ADBE Vector Filter - Merge","hd":false},{"ty":"fl","c":{"a":0,"k":[0.5529411764705883,0.6470588235294118,0.21176470588235294,1],"ix":4},"o":{"a":0,"k":100,"ix":5},"r":1,"nm":"Fill 1","mn":"ADBE Vector Graphic - Fill","hd":false},{"ty":"tr","p":{"a":0,"k":[605.181,347.873],"ix":2},"a":{"a":0,"k":[0,0],"ix":1},"s":{"a":0,"k":[48.769,48.769],"ix":3},"r":{"a":0,"k":-118.237,"ix":6},"o":{"a":0,"k":100,"ix":7},"sk":{"a":0,"k":0,"ix":4},"sa":{"a":0,"k":0,"ix":5},"nm":"Transform"}],"nm":"Group 4","np":5,"cix":2,"ix":1,"mn":"ADBE Vector Group","hd":false},{"ty":"gr","it":[{"ind":0,"ty":"sh","ix":1,"ks":{"a":0,"k":{"i":[[6.036,0.013],[-0.013,6.036],[-6.036,-0.014],[0.013,-6.036]],"o":[[-6.036,-0.014],[0.014,-6.036],[6.036,0.014],[-0.014,6.036]],"v":[[0.217,-75.202],[-10.688,-86.156],[0.266,-97.061],[11.171,-86.107]],"c":true},"ix":2},"nm":"Path 1","mn":"ADBE Vector Shape - Group","hd":false},{"ind":1,"ty":"sh","ix":2,"ks":{"a":0,"k":{"i":[[0,0],[3.643,3.23],[0,0],[6.573,-5.775],[0,0],[0.01,-4.869],[0,0],[-6.927,-0.015],[0,0],[-0.015,6.927]],"o":[[0.011,-4.869],[0,0],[-6.546,-5.804],[0,0],[-3.657,3.214],[0,0],[-0.016,6.927],[0,0],[6.928,0.015],[0,0]],"v":[[62.682,-61.207],[56.969,-73.945],[11.785,-114.005],[-11.178,-114.056],[-56.54,-74.198],[-62.309,-61.486],[-62.681,105.58],[-50.167,118.151],[49.738,118.374],[62.309,105.859]],"c":true},"ix":2},"nm":"Path 2","mn":"ADBE Vector Shape - Group","hd":false},{"ty":"mm","mm":1,"nm":"Merge Paths 1","mn":"ADBE Vector Filter - Merge","hd":false},{"ty":"mm","mm":4,"nm":"Merge Paths 2","mn":"ADBE Vector Filter - Merge","hd":false},{"ty":"fl","c":{"a":0,"k":[0.5529411764705883,0.6470588235294118,0.21176470588235294,1],"ix":4},"o":{"a":0,"k":100,"ix":5},"r":1,"nm":"Fill 1","mn":"ADBE Vector Graphic - Fill","hd":false},{"ty":"tr","p":{"a":0,"k":[309.181,424.373],"ix":2},"a":{"a":0,"k":[0,0],"ix":1},"s":{"a":1,"k":[{"i":{"x":[0.427,0.427],"y":[1.4,1.4]},"o":{"x":[0.167,0.167],"y":[0.167,0.167]},"n":["0p427_1p4_0p167_0p167","0p427_1p4_0p167_0p167"],"t":119,"s":[0,0],"e":[55.328,55.328]},{"t":130}],"ix":3},"r":{"a":0,"k":-231.195,"ix":6},"o":{"a":0,"k":100,"ix":7},"sk":{"a":0,"k":0,"ix":4},"sa":{"a":0,"k":0,"ix":5},"nm":"Transform"}],"nm":"Group 21","np":5,"cix":2,"ix":2,"mn":"ADBE Vector Group","hd":false},{"ty":"gr","it":[{"ind":0,"ty":"sh","ix":1,"ks":{"a":0,"k":{"i":[[6.036,0.013],[-0.013,6.036],[-6.036,-0.014],[0.013,-6.036]],"o":[[-6.036,-0.014],[0.014,-6.036],[6.036,0.014],[-0.014,6.036]],"v":[[0.217,-75.202],[-10.688,-86.156],[0.266,-97.061],[11.171,-86.107]],"c":true},"ix":2},"nm":"Path 1","mn":"ADBE Vector Shape - Group","hd":false},{"ind":1,"ty":"sh","ix":2,"ks":{"a":0,"k":{"i":[[0,0],[3.643,3.23],[0,0],[6.573,-5.775],[0,0],[0.01,-4.869],[0,0],[-6.927,-0.015],[0,0],[-0.015,6.927]],"o":[[0.011,-4.869],[0,0],[-6.546,-5.804],[0,0],[-3.657,3.214],[0,0],[-0.016,6.927],[0,0],[6.928,0.015],[0,0]],"v":[[62.682,-61.207],[56.969,-73.945],[11.785,-114.005],[-11.178,-114.056],[-56.54,-74.198],[-62.309,-61.486],[-62.681,105.58],[-50.167,118.151],[49.738,118.374],[62.309,105.859]],"c":true},"ix":2},"nm":"Path 2","mn":"ADBE Vector Shape - Group","hd":false},{"ty":"mm","mm":1,"nm":"Merge Paths 1","mn":"ADBE Vector Filter - Merge","hd":false},{"ty":"mm","mm":4,"nm":"Merge Paths 2","mn":"ADBE Vector Filter - Merge","hd":false},{"ty":"fl","c":{"a":0,"k":[0.5529411764705883,0.6470588235294118,0.21176470588235294,1],"ix":4},"o":{"a":0,"k":100,"ix":5},"r":1,"nm":"Fill 1","mn":"ADBE Vector Graphic - Fill","hd":false},{"ty":"tr","p":{"a":0,"k":[184.181,396.873],"ix":2},"a":{"a":0,"k":[0,0],"ix":1},"s":{"a":1,"k":[{"i":{"x":[0.427,0.427],"y":[1.4,1.4]},"o":{"x":[0.167,0.167],"y":[0.167,0.167]},"n":["0p427_1p4_0p167_0p167","0p427_1p4_0p167_0p167"],"t":74,"s":[0,0],"e":[55.328,55.328]},{"t":85}],"ix":3},"r":{"a":0,"k":-216.133,"ix":6},"o":{"a":0,"k":100,"ix":7},"sk":{"a":0,"k":0,"ix":4},"sa":{"a":0,"k":0,"ix":5},"nm":"Transform"}],"nm":"Group 22","np":5,"cix":2,"ix":3,"mn":"ADBE Vector Group","hd":false},{"ty":"gr","it":[{"ind":0,"ty":"sh","ix":1,"ks":{"a":0,"k":{"i":[[6.036,0.013],[-0.013,6.036],[-6.036,-0.014],[0.013,-6.036]],"o":[[-6.036,-0.014],[0.014,-6.036],[6.036,0.014],[-0.014,6.036]],"v":[[0.217,-75.202],[-10.688,-86.156],[0.266,-97.061],[11.171,-86.107]],"c":true},"ix":2},"nm":"Path 1","mn":"ADBE Vector Shape - Group","hd":false},{"ind":1,"ty":"sh","ix":2,"ks":{"a":0,"k":{"i":[[0,0],[3.643,3.23],[0,0],[6.573,-5.775],[0,0],[0.01,-4.869],[0,0],[-6.927,-0.015],[0,0],[-0.015,6.927]],"o":[[0.011,-4.869],[0,0],[-6.546,-5.804],[0,0],[-3.657,3.214],[0,0],[-0.016,6.927],[0,0],[6.928,0.015],[0,0]],"v":[[62.682,-61.207],[56.969,-73.945],[11.785,-114.005],[-11.178,-114.056],[-56.54,-74.198],[-62.309,-61.486],[-62.681,105.58],[-50.167,118.151],[49.738,118.374],[62.309,105.859]],"c":true},"ix":2},"nm":"Path 2","mn":"ADBE Vector Shape - Group","hd":false},{"ty":"mm","mm":1,"nm":"Merge Paths 1","mn":"ADBE Vector Filter - Merge","hd":false},{"ty":"mm","mm":4,"nm":"Merge Paths 2","mn":"ADBE Vector Filter - Merge","hd":false},{"ty":"fl","c":{"a":0,"k":[0.5529411764705883,0.6470588235294118,0.21176470588235294,1],"ix":4},"o":{"a":0,"k":100,"ix":5},"r":1,"nm":"Fill 1","mn":"ADBE Vector Graphic - Fill","hd":false},{"ty":"tr","p":{"a":0,"k":[82.681,213.873],"ix":2},"a":{"a":0,"k":[0,0],"ix":1},"s":{"a":1,"k":[{"i":{"x":[0.427,0.427],"y":[1.4,1.4]},"o":{"x":[0.167,0.167],"y":[0.167,0.167]},"n":["0p427_1p4_0p167_0p167","0p427_1p4_0p167_0p167"],"t":39,"s":[0,0],"e":[55.328,55.328]},{"t":50}],"ix":3},"r":{"a":0,"k":-248.206,"ix":6},"o":{"a":0,"k":100,"ix":7},"sk":{"a":0,"k":0,"ix":4},"sa":{"a":0,"k":0,"ix":5},"nm":"Transform"}],"nm":"Group 16","np":5,"cix":2,"ix":4,"mn":"ADBE Vector Group","hd":false},{"ty":"gr","it":[{"ind":0,"ty":"sh","ix":1,"ks":{"a":0,"k":{"i":[[6.036,0.013],[-0.013,6.036],[-6.036,-0.014],[0.013,-6.036]],"o":[[-6.036,-0.014],[0.014,-6.036],[6.036,0.014],[-0.014,6.036]],"v":[[0.217,-75.202],[-10.688,-86.156],[0.266,-97.061],[11.171,-86.107]],"c":true},"ix":2},"nm":"Path 1","mn":"ADBE Vector Shape - Group","hd":false},{"ind":1,"ty":"sh","ix":2,"ks":{"a":0,"k":{"i":[[0,0],[3.643,3.23],[0,0],[6.573,-5.775],[0,0],[0.01,-4.869],[0,0],[-6.927,-0.015],[0,0],[-0.015,6.927]],"o":[[0.011,-4.869],[0,0],[-6.546,-5.804],[0,0],[-3.657,3.214],[0,0],[-0.016,6.927],[0,0],[6.928,0.015],[0,0]],"v":[[62.682,-61.207],[56.969,-73.945],[11.785,-114.005],[-11.178,-114.056],[-56.54,-74.198],[-62.309,-61.486],[-62.681,105.58],[-50.167,118.151],[49.738,118.374],[62.309,105.859]],"c":true},"ix":2},"nm":"Path 2","mn":"ADBE Vector Shape - Group","hd":false},{"ty":"mm","mm":1,"nm":"Merge Paths 1","mn":"ADBE Vector Filter - Merge","hd":false},{"ty":"mm","mm":4,"nm":"Merge Paths 2","mn":"ADBE Vector Filter - Merge","hd":false},{"ty":"fl","c":{"a":0,"k":[0.5529411764705883,0.6470588235294118,0.21176470588235294,1],"ix":4},"o":{"a":0,"k":100,"ix":5},"r":1,"nm":"Fill 1","mn":"ADBE Vector Graphic - Fill","hd":false},{"ty":"tr","p":{"a":0,"k":[310.681,243.873],"ix":2},"a":{"a":0,"k":[0,0],"ix":1},"s":{"a":1,"k":[{"i":{"x":[0.427,0.427],"y":[1.4,1.4]},"o":{"x":[0.167,0.167],"y":[0.167,0.167]},"n":["0p427_1p4_0p167_0p167","0p427_1p4_0p167_0p167"],"t":128,"s":[0,0],"e":[55.328,55.328]},{"t":139}],"ix":3},"r":{"a":0,"k":-205.634,"ix":6},"o":{"a":0,"k":100,"ix":7},"sk":{"a":0,"k":0,"ix":4},"sa":{"a":0,"k":0,"ix":5},"nm":"Transform"}],"nm":"Group 17","np":5,"cix":2,"ix":5,"mn":"ADBE Vector Group","hd":false},{"ty":"gr","it":[{"ind":0,"ty":"sh","ix":1,"ks":{"a":0,"k":{"i":[[6.036,0.013],[-0.013,6.036],[-6.036,-0.014],[0.013,-6.036]],"o":[[-6.036,-0.014],[0.014,-6.036],[6.036,0.014],[-0.014,6.036]],"v":[[0.217,-75.202],[-10.688,-86.156],[0.266,-97.061],[11.171,-86.107]],"c":true},"ix":2},"nm":"Path 1","mn":"ADBE Vector Shape - Group","hd":false},{"ind":1,"ty":"sh","ix":2,"ks":{"a":0,"k":{"i":[[0,0],[3.643,3.23],[0,0],[6.573,-5.775],[0,0],[0.01,-4.869],[0,0],[-6.927,-0.015],[0,0],[-0.015,6.927]],"o":[[0.011,-4.869],[0,0],[-6.546,-5.804],[0,0],[-3.657,3.214],[0,0],[-0.016,6.927],[0,0],[6.928,0.015],[0,0]],"v":[[62.682,-61.207],[56.969,-73.945],[11.785,-114.005],[-11.178,-114.056],[-56.54,-74.198],[-62.309,-61.486],[-62.681,105.58],[-50.167,118.151],[49.738,118.374],[62.309,105.859]],"c":true},"ix":2},"nm":"Path 2","mn":"ADBE Vector Shape - Group","hd":false},{"ty":"mm","mm":1,"nm":"Merge Paths 1","mn":"ADBE Vector Filter - Merge","hd":false},{"ty":"mm","mm":4,"nm":"Merge Paths 2","mn":"ADBE Vector Filter - Merge","hd":false},{"ty":"fl","c":{"a":0,"k":[0.5529411764705883,0.6470588235294118,0.21176470588235294,1],"ix":4},"o":{"a":0,"k":100,"ix":5},"r":1,"nm":"Fill 1","mn":"ADBE Vector Graphic - Fill","hd":false},{"ty":"tr","p":{"a":0,"k":[240.181,127.373],"ix":2},"a":{"a":0,"k":[0,0],"ix":1},"s":{"a":1,"k":[{"i":{"x":[0.427,0.427],"y":[1.4,1.4]},"o":{"x":[0.167,0.167],"y":[0.167,0.167]},"n":["0p427_1p4_0p167_0p167","0p427_1p4_0p167_0p167"],"t":106,"s":[0,0],"e":[55.328,55.328]},{"t":117}],"ix":3},"r":{"a":0,"k":-225.636,"ix":6},"o":{"a":0,"k":100,"ix":7},"sk":{"a":0,"k":0,"ix":4},"sa":{"a":0,"k":0,"ix":5},"nm":"Transform"}],"nm":"Group 14","np":5,"cix":2,"ix":6,"mn":"ADBE Vector Group","hd":false},{"ty":"gr","it":[{"ind":0,"ty":"sh","ix":1,"ks":{"a":0,"k":{"i":[[6.036,0.013],[-0.013,6.036],[-6.036,-0.014],[0.013,-6.036]],"o":[[-6.036,-0.014],[0.014,-6.036],[6.036,0.014],[-0.014,6.036]],"v":[[0.217,-75.202],[-10.688,-86.156],[0.266,-97.061],[11.171,-86.107]],"c":true},"ix":2},"nm":"Path 1","mn":"ADBE Vector Shape - Group","hd":false},{"ind":1,"ty":"sh","ix":2,"ks":{"a":0,"k":{"i":[[0,0],[3.643,3.23],[0,0],[6.573,-5.775],[0,0],[0.01,-4.869],[0,0],[-6.927,-0.015],[0,0],[-0.015,6.927]],"o":[[0.011,-4.869],[0,0],[-6.546,-5.804],[0,0],[-3.657,3.214],[0,0],[-0.016,6.927],[0,0],[6.928,0.015],[0,0]],"v":[[62.682,-61.207],[56.969,-73.945],[11.785,-114.005],[-11.178,-114.056],[-56.54,-74.198],[-62.309,-61.486],[-62.681,105.58],[-50.167,118.151],[49.738,118.374],[62.309,105.859]],"c":true},"ix":2},"nm":"Path 2","mn":"ADBE Vector Shape - Group","hd":false},{"ty":"mm","mm":1,"nm":"Merge Paths 1","mn":"ADBE Vector Filter - Merge","hd":false},{"ty":"mm","mm":4,"nm":"Merge Paths 2","mn":"ADBE Vector Filter - Merge","hd":false},{"ty":"fl","c":{"a":0,"k":[0.5529411764705883,0.6470588235294118,0.21176470588235294,1],"ix":4},"o":{"a":0,"k":100,"ix":5},"r":1,"nm":"Fill 1","mn":"ADBE Vector Graphic - Fill","hd":false},{"ty":"tr","p":{"a":0,"k":[393.181,18.873],"ix":2},"a":{"a":0,"k":[0,0],"ix":1},"s":{"a":0,"k":[42.942,42.942],"ix":3},"r":{"a":0,"k":-169.442,"ix":6},"o":{"a":0,"k":100,"ix":7},"sk":{"a":0,"k":0,"ix":4},"sa":{"a":0,"k":0,"ix":5},"nm":"Transform"}],"nm":"Group 11","np":5,"cix":2,"ix":7,"mn":"ADBE Vector Group","hd":false},{"ty":"gr","it":[{"ind":0,"ty":"sh","ix":1,"ks":{"a":0,"k":{"i":[[6.036,0.013],[-0.013,6.036],[-6.036,-0.014],[0.013,-6.036]],"o":[[-6.036,-0.014],[0.014,-6.036],[6.036,0.014],[-0.014,6.036]],"v":[[0.217,-75.202],[-10.688,-86.156],[0.266,-97.061],[11.171,-86.107]],"c":true},"ix":2},"nm":"Path 1","mn":"ADBE Vector Shape - Group","hd":false},{"ind":1,"ty":"sh","ix":2,"ks":{"a":0,"k":{"i":[[0,0],[3.643,3.23],[0,0],[6.573,-5.775],[0,0],[0.01,-4.869],[0,0],[-6.927,-0.015],[0,0],[-0.015,6.927]],"o":[[0.011,-4.869],[0,0],[-6.546,-5.804],[0,0],[-3.657,3.214],[0,0],[-0.016,6.927],[0,0],[6.928,0.015],[0,0]],"v":[[62.682,-61.207],[56.969,-73.945],[11.785,-114.005],[-11.178,-114.056],[-56.54,-74.198],[-62.309,-61.486],[-62.681,105.58],[-50.167,118.151],[49.738,118.374],[62.309,105.859]],"c":true},"ix":2},"nm":"Path 2","mn":"ADBE Vector Shape - Group","hd":false},{"ty":"mm","mm":1,"nm":"Merge Paths 1","mn":"ADBE Vector Filter - Merge","hd":false},{"ty":"mm","mm":4,"nm":"Merge Paths 2","mn":"ADBE Vector Filter - Merge","hd":false},{"ty":"fl","c":{"a":0,"k":[0.5529411764705883,0.6470588235294118,0.21176470588235294,1],"ix":4},"o":{"a":0,"k":100,"ix":5},"r":1,"nm":"Fill 1","mn":"ADBE Vector Graphic - Fill","hd":false},{"ty":"tr","p":{"a":0,"k":[444.681,108.373],"ix":2},"a":{"a":0,"k":[0,0],"ix":1},"s":{"a":0,"k":[42.942,42.942],"ix":3},"r":{"a":0,"k":-148.781,"ix":6},"o":{"a":0,"k":100,"ix":7},"sk":{"a":0,"k":0,"ix":4},"sa":{"a":0,"k":0,"ix":5},"nm":"Transform"}],"nm":"Group 8","np":5,"cix":2,"ix":8,"mn":"ADBE Vector Group","hd":false},{"ty":"gr","it":[{"ind":0,"ty":"sh","ix":1,"ks":{"a":0,"k":{"i":[[6.036,0.013],[-0.013,6.036],[-6.036,-0.014],[0.013,-6.036]],"o":[[-6.036,-0.014],[0.014,-6.036],[6.036,0.014],[-0.014,6.036]],"v":[[0.217,-75.202],[-10.688,-86.156],[0.266,-97.061],[11.171,-86.107]],"c":true},"ix":2},"nm":"Path 1","mn":"ADBE Vector Shape - Group","hd":false},{"ind":1,"ty":"sh","ix":2,"ks":{"a":0,"k":{"i":[[0,0],[3.643,3.23],[0,0],[6.573,-5.775],[0,0],[0.01,-4.869],[0,0],[-6.927,-0.015],[0,0],[-0.015,6.927]],"o":[[0.011,-4.869],[0,0],[-6.546,-5.804],[0,0],[-3.657,3.214],[0,0],[-0.016,6.927],[0,0],[6.928,0.015],[0,0]],"v":[[62.682,-61.207],[56.969,-73.945],[11.785,-114.005],[-11.178,-114.056],[-56.54,-74.198],[-62.309,-61.486],[-62.681,105.58],[-50.167,118.151],[49.738,118.374],[62.309,105.859]],"c":true},"ix":2},"nm":"Path 2","mn":"ADBE Vector Shape - Group","hd":false},{"ty":"mm","mm":1,"nm":"Merge Paths 1","mn":"ADBE Vector Filter - Merge","hd":false},{"ty":"mm","mm":4,"nm":"Merge Paths 2","mn":"ADBE Vector Filter - Merge","hd":false},{"ty":"fl","c":{"a":0,"k":[0.5529411764705883,0.6470588235294118,0.21176470588235294,1],"ix":4},"o":{"a":0,"k":100,"ix":5},"r":1,"nm":"Fill 1","mn":"ADBE Vector Graphic - Fill","hd":false},{"ty":"tr","p":{"a":0,"k":[532.681,294.873],"ix":2},"a":{"a":0,"k":[0,0],"ix":1},"s":{"a":0,"k":[42.942,42.942],"ix":3},"r":{"a":0,"k":-94.943,"ix":6},"o":{"a":0,"k":100,"ix":7},"sk":{"a":0,"k":0,"ix":4},"sa":{"a":0,"k":0,"ix":5},"nm":"Transform"}],"nm":"Group 2","np":5,"cix":2,"ix":9,"mn":"ADBE Vector Group","hd":false},{"ty":"gr","it":[{"ind":0,"ty":"sh","ix":1,"ks":{"a":0,"k":{"i":[[6.036,0.013],[-0.013,6.036],[-6.036,-0.014],[0.013,-6.036]],"o":[[-6.036,-0.014],[0.014,-6.036],[6.036,0.014],[-0.014,6.036]],"v":[[0.217,-75.202],[-10.688,-86.156],[0.266,-97.061],[11.171,-86.107]],"c":true},"ix":2},"nm":"Path 1","mn":"ADBE Vector Shape - Group","hd":false},{"ind":1,"ty":"sh","ix":2,"ks":{"a":0,"k":{"i":[[0,0],[3.643,3.23],[0,0],[6.573,-5.775],[0,0],[0.01,-4.869],[0,0],[-6.927,-0.015],[0,0],[-0.015,6.927]],"o":[[0.011,-4.869],[0,0],[-6.546,-5.804],[0,0],[-3.657,3.214],[0,0],[-0.016,6.927],[0,0],[6.928,0.015],[0,0]],"v":[[62.682,-61.207],[56.969,-73.945],[11.785,-114.005],[-11.178,-114.056],[-56.54,-74.198],[-62.309,-61.486],[-62.681,105.58],[-50.167,118.151],[49.738,118.374],[62.309,105.859]],"c":true},"ix":2},"nm":"Path 2","mn":"ADBE Vector Shape - Group","hd":false},{"ty":"mm","mm":1,"nm":"Merge Paths 1","mn":"ADBE Vector Filter - Merge","hd":false},{"ty":"mm","mm":4,"nm":"Merge Paths 2","mn":"ADBE Vector Filter - Merge","hd":false},{"ty":"fl","c":{"a":0,"k":[1,0.788235294117647,0.3843137254901961,1],"ix":4},"o":{"a":0,"k":100,"ix":5},"r":1,"nm":"Fill 1","mn":"ADBE Vector Graphic - Fill","hd":false},{"ty":"tr","p":{"a":0,"k":[250.181,36.373],"ix":2},"a":{"a":0,"k":[0,0],"ix":1},"s":{"a":0,"k":[42.076,42.076],"ix":3},"r":{"a":0,"k":-210.954,"ix":6},"o":{"a":0,"k":100,"ix":7},"sk":{"a":0,"k":0,"ix":4},"sa":{"a":0,"k":0,"ix":5},"nm":"Transform"}],"nm":"Group 13","np":5,"cix":2,"ix":10,"mn":"ADBE Vector Group","hd":false},{"ty":"gr","it":[{"ind":0,"ty":"sh","ix":1,"ks":{"a":0,"k":{"i":[[6.036,0.013],[-0.013,6.036],[-6.036,-0.014],[0.013,-6.036]],"o":[[-6.036,-0.014],[0.014,-6.036],[6.036,0.014],[-0.014,6.036]],"v":[[0.217,-75.202],[-10.688,-86.156],[0.266,-97.061],[11.171,-86.107]],"c":true},"ix":2},"nm":"Path 1","mn":"ADBE Vector Shape - Group","hd":false},{"ind":1,"ty":"sh","ix":2,"ks":{"a":0,"k":{"i":[[0,0],[3.643,3.23],[0,0],[6.573,-5.775],[0,0],[0.01,-4.869],[0,0],[-6.927,-0.015],[0,0],[-0.015,6.927]],"o":[[0.011,-4.869],[0,0],[-6.546,-5.804],[0,0],[-3.657,3.214],[0,0],[-0.016,6.927],[0,0],[6.928,0.015],[0,0]],"v":[[62.682,-61.207],[56.969,-73.945],[11.785,-114.005],[-11.178,-114.056],[-56.54,-74.198],[-62.309,-61.486],[-62.681,105.58],[-50.167,118.151],[49.738,118.374],[62.309,105.859]],"c":true},"ix":2},"nm":"Path 2","mn":"ADBE Vector Shape - Group","hd":false},{"ty":"mm","mm":1,"nm":"Merge Paths 1","mn":"ADBE Vector Filter - Merge","hd":false},{"ty":"mm","mm":4,"nm":"Merge Paths 2","mn":"ADBE Vector Filter - Merge","hd":false},{"ty":"fl","c":{"a":0,"k":[1,0.788235294117647,0.3843137254901961,1],"ix":4},"o":{"a":0,"k":100,"ix":5},"r":1,"nm":"Fill 1","mn":"ADBE Vector Graphic - Fill","hd":false},{"ty":"tr","p":{"a":0,"k":[65.181,394.873],"ix":2},"a":{"a":0,"k":[0,0],"ix":1},"s":{"a":1,"k":[{"i":{"x":[0.427,0.427],"y":[1.4,1.4]},"o":{"x":[0.167,0.167],"y":[0.167,0.167]},"n":["0p427_1p4_0p167_0p167","0p427_1p4_0p167_0p167"],"t":57,"s":[0,0],"e":[55.328,55.328]},{"t":68}],"ix":3},"r":{"a":0,"k":-265.508,"ix":6},"o":{"a":0,"k":100,"ix":7},"sk":{"a":0,"k":0,"ix":4},"sa":{"a":0,"k":0,"ix":5},"nm":"Transform"}],"nm":"Group 20","np":5,"cix":2,"ix":11,"mn":"ADBE Vector Group","hd":false},{"ty":"gr","it":[{"ind":0,"ty":"sh","ix":1,"ks":{"a":0,"k":{"i":[[6.036,0.013],[-0.013,6.036],[-6.036,-0.014],[0.013,-6.036]],"o":[[-6.036,-0.014],[0.014,-6.036],[6.036,0.014],[-0.014,6.036]],"v":[[0.217,-75.202],[-10.688,-86.156],[0.266,-97.061],[11.171,-86.107]],"c":true},"ix":2},"nm":"Path 1","mn":"ADBE Vector Shape - Group","hd":false},{"ind":1,"ty":"sh","ix":2,"ks":{"a":0,"k":{"i":[[0,0],[3.643,3.23],[0,0],[6.573,-5.775],[0,0],[0.01,-4.869],[0,0],[-6.927,-0.015],[0,0],[-0.015,6.927]],"o":[[0.011,-4.869],[0,0],[-6.546,-5.804],[0,0],[-3.657,3.214],[0,0],[-0.016,6.927],[0,0],[6.928,0.015],[0,0]],"v":[[62.682,-61.207],[56.969,-73.945],[11.785,-114.005],[-11.178,-114.056],[-56.54,-74.198],[-62.309,-61.486],[-62.681,105.58],[-50.167,118.151],[49.738,118.374],[62.309,105.859]],"c":true},"ix":2},"nm":"Path 2","mn":"ADBE Vector Shape - Group","hd":false},{"ty":"mm","mm":1,"nm":"Merge Paths 1","mn":"ADBE Vector Filter - Merge","hd":false},{"ty":"mm","mm":4,"nm":"Merge Paths 2","mn":"ADBE Vector Filter - Merge","hd":false},{"ty":"fl","c":{"a":0,"k":[1,0.788235294117647,0.3843137254901961,1],"ix":4},"o":{"a":0,"k":100,"ix":5},"r":1,"nm":"Fill 1","mn":"ADBE Vector Graphic - Fill","hd":false},{"ty":"tr","p":{"a":0,"k":[182.181,501.373],"ix":2},"a":{"a":0,"k":[0,0],"ix":1},"s":{"a":1,"k":[{"i":{"x":[0.427,0.427],"y":[1.4,1.4]},"o":{"x":[0.167,0.167],"y":[0.167,0.167]},"n":["0p427_1p4_0p167_0p167","0p427_1p4_0p167_0p167"],"t":92,"s":[0,0],"e":[55.328,55.328]},{"t":103}],"ix":3},"r":{"a":0,"k":-272.587,"ix":6},"o":{"a":0,"k":100,"ix":7},"sk":{"a":0,"k":0,"ix":4},"sa":{"a":0,"k":0,"ix":5},"nm":"Transform"}],"nm":"Group 23","np":5,"cix":2,"ix":12,"mn":"ADBE Vector Group","hd":false},{"ty":"gr","it":[{"ind":0,"ty":"sh","ix":1,"ks":{"a":0,"k":{"i":[[6.036,0.013],[-0.013,6.036],[-6.036,-0.014],[0.013,-6.036]],"o":[[-6.036,-0.014],[0.014,-6.036],[6.036,0.014],[-0.014,6.036]],"v":[[0.217,-75.202],[-10.688,-86.156],[0.266,-97.061],[11.171,-86.107]],"c":true},"ix":2},"nm":"Path 1","mn":"ADBE Vector Shape - Group","hd":false},{"ind":1,"ty":"sh","ix":2,"ks":{"a":0,"k":{"i":[[0,0],[3.643,3.23],[0,0],[6.573,-5.775],[0,0],[0.01,-4.869],[0,0],[-6.927,-0.015],[0,0],[-0.015,6.927]],"o":[[0.011,-4.869],[0,0],[-6.546,-5.804],[0,0],[-3.657,3.214],[0,0],[-0.016,6.927],[0,0],[6.928,0.015],[0,0]],"v":[[62.682,-61.207],[56.969,-73.945],[11.785,-114.005],[-11.178,-114.056],[-56.54,-74.198],[-62.309,-61.486],[-62.681,105.58],[-50.167,118.151],[49.738,118.374],[62.309,105.859]],"c":true},"ix":2},"nm":"Path 2","mn":"ADBE Vector Shape - Group","hd":false},{"ty":"mm","mm":1,"nm":"Merge Paths 1","mn":"ADBE Vector Filter - Merge","hd":false},{"ty":"mm","mm":4,"nm":"Merge Paths 2","mn":"ADBE Vector Filter - Merge","hd":false},{"ty":"fl","c":{"a":0,"k":[1,0.788235294117647,0.3843137254901961,1],"ix":4},"o":{"a":0,"k":100,"ix":5},"r":1,"nm":"Fill 1","mn":"ADBE Vector Graphic - Fill","hd":false},{"ty":"tr","p":{"a":0,"k":[233.681,298.373],"ix":2},"a":{"a":0,"k":[0,0],"ix":1},"s":{"a":1,"k":[{"i":{"x":[0.427,0.427],"y":[1.4,1.4]},"o":{"x":[0.167,0.167],"y":[0.167,0.167]},"n":["0p427_1p4_0p167_0p167","0p427_1p4_0p167_0p167"],"t":64,"s":[0,0],"e":[55.328,55.328]},{"t":75}],"ix":3},"r":{"a":0,"k":-238.057,"ix":6},"o":{"a":0,"k":100,"ix":7},"sk":{"a":0,"k":0,"ix":4},"sa":{"a":0,"k":0,"ix":5},"nm":"Transform"}],"nm":"Group 18","np":5,"cix":2,"ix":13,"mn":"ADBE Vector Group","hd":false},{"ty":"gr","it":[{"ind":0,"ty":"sh","ix":1,"ks":{"a":0,"k":{"i":[[6.036,0.013],[-0.013,6.036],[-6.036,-0.014],[0.013,-6.036]],"o":[[-6.036,-0.014],[0.014,-6.036],[6.036,0.014],[-0.014,6.036]],"v":[[0.217,-75.202],[-10.688,-86.156],[0.266,-97.061],[11.171,-86.107]],"c":true},"ix":2},"nm":"Path 1","mn":"ADBE Vector Shape - Group","hd":false},{"ind":1,"ty":"sh","ix":2,"ks":{"a":0,"k":{"i":[[0,0],[3.643,3.23],[0,0],[6.573,-5.775],[0,0],[0.01,-4.869],[0,0],[-6.927,-0.015],[0,0],[-0.015,6.927]],"o":[[0.011,-4.869],[0,0],[-6.546,-5.804],[0,0],[-3.657,3.214],[0,0],[-0.016,6.927],[0,0],[6.928,0.015],[0,0]],"v":[[62.682,-61.207],[56.969,-73.945],[11.785,-114.005],[-11.178,-114.056],[-56.54,-74.198],[-62.309,-61.486],[-62.681,105.58],[-50.167,118.151],[49.738,118.374],[62.309,105.859]],"c":true},"ix":2},"nm":"Path 2","mn":"ADBE Vector Shape - Group","hd":false},{"ty":"mm","mm":1,"nm":"Merge Paths 1","mn":"ADBE Vector Filter - Merge","hd":false},{"ty":"mm","mm":4,"nm":"Merge Paths 2","mn":"ADBE Vector Filter - Merge","hd":false},{"ty":"fl","c":{"a":0,"k":[1,0.788235294117647,0.3843137254901961,1],"ix":4},"o":{"a":0,"k":100,"ix":5},"r":1,"nm":"Fill 1","mn":"ADBE Vector Graphic - Fill","hd":false},{"ty":"tr","p":{"a":0,"k":[340.681,113.373],"ix":2},"a":{"a":0,"k":[0,0],"ix":1},"s":{"a":0,"k":[42.076,42.076],"ix":3},"r":{"a":0,"k":-194.156,"ix":6},"o":{"a":0,"k":100,"ix":7},"sk":{"a":0,"k":0,"ix":4},"sa":{"a":0,"k":0,"ix":5},"nm":"Transform"}],"nm":"Group 12","np":5,"cix":2,"ix":14,"mn":"ADBE Vector Group","hd":false},{"ty":"gr","it":[{"ind":0,"ty":"sh","ix":1,"ks":{"a":0,"k":{"i":[[6.036,0.013],[-0.013,6.036],[-6.036,-0.014],[0.013,-6.036]],"o":[[-6.036,-0.014],[0.014,-6.036],[6.036,0.014],[-0.014,6.036]],"v":[[0.217,-75.202],[-10.688,-86.156],[0.266,-97.061],[11.171,-86.107]],"c":true},"ix":2},"nm":"Path 1","mn":"ADBE Vector Shape - Group","hd":false},{"ind":1,"ty":"sh","ix":2,"ks":{"a":0,"k":{"i":[[0,0],[3.643,3.23],[0,0],[6.573,-5.775],[0,0],[0.01,-4.869],[0,0],[-6.927,-0.015],[0,0],[-0.015,6.927]],"o":[[0.011,-4.869],[0,0],[-6.546,-5.804],[0,0],[-3.657,3.214],[0,0],[-0.016,6.927],[0,0],[6.928,0.015],[0,0]],"v":[[62.682,-61.207],[56.969,-73.945],[11.785,-114.005],[-11.178,-114.056],[-56.54,-74.198],[-62.309,-61.486],[-62.681,105.58],[-50.167,118.151],[49.738,118.374],[62.309,105.859]],"c":true},"ix":2},"nm":"Path 2","mn":"ADBE Vector Shape - Group","hd":false},{"ty":"mm","mm":1,"nm":"Merge Paths 1","mn":"ADBE Vector Filter - Merge","hd":false},{"ty":"mm","mm":4,"nm":"Merge Paths 2","mn":"ADBE Vector Filter - Merge","hd":false},{"ty":"fl","c":{"a":0,"k":[1,0.788235294117647,0.3843137254901961,1],"ix":4},"o":{"a":0,"k":100,"ix":5},"r":1,"nm":"Fill 1","mn":"ADBE Vector Graphic - Fill","hd":false},{"ty":"tr","p":{"a":0,"k":[534.681,84.873],"ix":2},"a":{"a":0,"k":[0,0],"ix":1},"s":{"a":0,"k":[43.658,43.658],"ix":3},"r":{"a":0,"k":-172.753,"ix":6},"o":{"a":0,"k":100,"ix":7},"sk":{"a":0,"k":0,"ix":4},"sa":{"a":0,"k":0,"ix":5},"nm":"Transform"}],"nm":"Group 7","np":5,"cix":2,"ix":15,"mn":"ADBE Vector Group","hd":false},{"ty":"gr","it":[{"ind":0,"ty":"sh","ix":1,"ks":{"a":0,"k":{"i":[[6.036,0.013],[-0.013,6.036],[-6.036,-0.014],[0.013,-6.036]],"o":[[-6.036,-0.014],[0.014,-6.036],[6.036,0.014],[-0.014,6.036]],"v":[[0.217,-75.202],[-10.688,-86.156],[0.266,-97.061],[11.171,-86.107]],"c":true},"ix":2},"nm":"Path 1","mn":"ADBE Vector Shape - Group","hd":false},{"ind":1,"ty":"sh","ix":2,"ks":{"a":0,"k":{"i":[[0,0],[3.643,3.23],[0,0],[6.573,-5.775],[0,0],[0.01,-4.869],[0,0],[-6.927,-0.015],[0,0],[-0.015,6.927]],"o":[[0.011,-4.869],[0,0],[-6.546,-5.804],[0,0],[-3.657,3.214],[0,0],[-0.016,6.927],[0,0],[6.928,0.015],[0,0]],"v":[[62.682,-61.207],[56.969,-73.945],[11.785,-114.005],[-11.178,-114.056],[-56.54,-74.198],[-62.309,-61.486],[-62.681,105.58],[-50.167,118.151],[49.738,118.374],[62.309,105.859]],"c":true},"ix":2},"nm":"Path 2","mn":"ADBE Vector Shape - Group","hd":false},{"ty":"mm","mm":1,"nm":"Merge Paths 1","mn":"ADBE Vector Filter - Merge","hd":false},{"ty":"mm","mm":4,"nm":"Merge Paths 2","mn":"ADBE Vector Filter - Merge","hd":false},{"ty":"fl","c":{"a":0,"k":[1,0.788235294117647,0.3843137254901961,1],"ix":4},"o":{"a":0,"k":100,"ix":5},"r":1,"nm":"Fill 1","mn":"ADBE Vector Graphic - Fill","hd":false},{"ty":"tr","p":{"a":0,"k":[606.181,141.873],"ix":2},"a":{"a":0,"k":[0,0],"ix":1},"s":{"a":0,"k":[39.687,39.687],"ix":3},"r":{"a":0,"k":-137.004,"ix":6},"o":{"a":0,"k":100,"ix":7},"sk":{"a":0,"k":0,"ix":4},"sa":{"a":0,"k":0,"ix":5},"nm":"Transform"}],"nm":"Group 6","np":5,"cix":2,"ix":16,"mn":"ADBE Vector Group","hd":false},{"ty":"gr","it":[{"ind":0,"ty":"sh","ix":1,"ks":{"a":0,"k":{"i":[[6.036,0.013],[-0.013,6.036],[-6.036,-0.014],[0.013,-6.036]],"o":[[-6.036,-0.014],[0.014,-6.036],[6.036,0.014],[-0.014,6.036]],"v":[[0.217,-75.202],[-10.688,-86.156],[0.266,-97.061],[11.171,-86.107]],"c":true},"ix":2},"nm":"Path 1","mn":"ADBE Vector Shape - Group","hd":false},{"ind":1,"ty":"sh","ix":2,"ks":{"a":0,"k":{"i":[[0,0],[3.643,3.23],[0,0],[6.573,-5.775],[0,0],[0.01,-4.869],[0,0],[-6.927,-0.015],[0,0],[-0.015,6.927]],"o":[[0.011,-4.869],[0,0],[-6.546,-5.804],[0,0],[-3.657,3.214],[0,0],[-0.016,6.927],[0,0],[6.928,0.015],[0,0]],"v":[[62.682,-61.207],[56.969,-73.945],[11.785,-114.005],[-11.178,-114.056],[-56.54,-74.198],[-62.309,-61.486],[-62.681,105.58],[-50.167,118.151],[49.738,118.374],[62.309,105.859]],"c":true},"ix":2},"nm":"Path 2","mn":"ADBE Vector Shape - Group","hd":false},{"ty":"mm","mm":1,"nm":"Merge Paths 1","mn":"ADBE Vector Filter - Merge","hd":false},{"ty":"mm","mm":4,"nm":"Merge Paths 2","mn":"ADBE Vector Filter - Merge","hd":false},{"ty":"fl","c":{"a":0,"k":[1,0.788235294117647,0.3843137254901961,1],"ix":4},"o":{"a":0,"k":100,"ix":5},"r":1,"nm":"Fill 1","mn":"ADBE Vector Graphic - Fill","hd":false},{"ty":"tr","p":{"a":0,"k":[403.181,329.873],"ix":2},"a":{"a":0,"k":[0,0],"ix":1},"s":{"a":0,"k":[50.278,50.278],"ix":3},"r":{"a":0,"k":-123.184,"ix":6},"o":{"a":0,"k":100,"ix":7},"sk":{"a":0,"k":0,"ix":4},"sa":{"a":0,"k":0,"ix":5},"nm":"Transform"}],"nm":"Group 10","np":5,"cix":2,"ix":17,"mn":"ADBE Vector Group","hd":false},{"ty":"gr","it":[{"ind":0,"ty":"sh","ix":1,"ks":{"a":0,"k":{"i":[[6.036,0.013],[-0.013,6.036],[-6.036,-0.014],[0.013,-6.036]],"o":[[-6.036,-0.014],[0.014,-6.036],[6.036,0.014],[-0.014,6.036]],"v":[[0.217,-75.202],[-10.688,-86.156],[0.266,-97.061],[11.171,-86.107]],"c":true},"ix":2},"nm":"Path 1","mn":"ADBE Vector Shape - Group","hd":false},{"ind":1,"ty":"sh","ix":2,"ks":{"a":0,"k":{"i":[[0,0],[3.643,3.23],[0,0],[6.573,-5.775],[0,0],[0.01,-4.869],[0,0],[-6.927,-0.015],[0,0],[-0.015,6.927]],"o":[[0.011,-4.869],[0,0],[-6.546,-5.804],[0,0],[-3.657,3.214],[0,0],[-0.016,6.927],[0,0],[6.928,0.015],[0,0]],"v":[[62.682,-61.207],[56.969,-73.945],[11.785,-114.005],[-11.178,-114.056],[-56.54,-74.198],[-62.309,-61.486],[-62.681,105.58],[-50.167,118.151],[49.738,118.374],[62.309,105.859]],"c":true},"ix":2},"nm":"Path 2","mn":"ADBE Vector Shape - Group","hd":false},{"ty":"mm","mm":1,"nm":"Merge Paths 1","mn":"ADBE Vector Filter - Merge","hd":false},{"ty":"mm","mm":4,"nm":"Merge Paths 2","mn":"ADBE Vector Filter - Merge","hd":false},{"ty":"fl","c":{"a":0,"k":[1,0.788235294117647,0.3843137254901961,1],"ix":4},"o":{"a":0,"k":100,"ix":5},"r":1,"nm":"Fill 1","mn":"ADBE Vector Graphic - Fill","hd":false},{"ty":"tr","p":{"a":0,"k":[88.181,301.373],"ix":2},"a":{"a":0,"k":[0,0],"ix":1},"s":{"a":1,"k":[{"i":{"x":[0.427,0.427],"y":[1.4,1.4]},"o":{"x":[0.167,0.167],"y":[0.167,0.167]},"n":["0p427_1p4_0p167_0p167","0p427_1p4_0p167_0p167"],"t":9,"s":[0,0],"e":[55.328,55.328]},{"t":20}],"ix":3},"r":{"a":0,"k":-253.859,"ix":6},"o":{"a":0,"k":100,"ix":7},"sk":{"a":0,"k":0,"ix":4},"sa":{"a":0,"k":0,"ix":5},"nm":"Transform"}],"nm":"Group 19","np":5,"cix":2,"ix":18,"mn":"ADBE Vector Group","hd":false},{"ty":"gr","it":[{"ind":0,"ty":"sh","ix":1,"ks":{"a":0,"k":{"i":[[6.036,0.013],[-0.013,6.036],[-6.036,-0.014],[0.013,-6.036]],"o":[[-6.036,-0.014],[0.014,-6.036],[6.036,0.014],[-0.014,6.036]],"v":[[0.217,-75.202],[-10.688,-86.156],[0.266,-97.061],[11.171,-86.107]],"c":true},"ix":2},"nm":"Path 1","mn":"ADBE Vector Shape - Group","hd":false},{"ind":1,"ty":"sh","ix":2,"ks":{"a":0,"k":{"i":[[0,0],[3.643,3.23],[0,0],[6.573,-5.775],[0,0],[0.01,-4.869],[0,0],[-6.927,-0.015],[0,0],[-0.015,6.927]],"o":[[0.011,-4.869],[0,0],[-6.546,-5.804],[0,0],[-3.657,3.214],[0,0],[-0.016,6.927],[0,0],[6.928,0.015],[0,0]],"v":[[62.682,-61.207],[56.969,-73.945],[11.785,-114.005],[-11.178,-114.056],[-56.54,-74.198],[-62.309,-61.486],[-62.681,105.58],[-50.167,118.151],[49.738,118.374],[62.309,105.859]],"c":true},"ix":2},"nm":"Path 2","mn":"ADBE Vector Shape - Group","hd":false},{"ty":"mm","mm":1,"nm":"Merge Paths 1","mn":"ADBE Vector Filter - Merge","hd":false},{"ty":"mm","mm":4,"nm":"Merge Paths 2","mn":"ADBE Vector Filter - Merge","hd":false},{"ty":"fl","c":{"a":0,"k":[1,0.788235294117647,0.3843137254901961,1],"ix":4},"o":{"a":0,"k":100,"ix":5},"r":1,"nm":"Fill 1","mn":"ADBE Vector Graphic - Fill","hd":false},{"ty":"tr","p":{"a":0,"k":[168.181,171.873],"ix":2},"a":{"a":0,"k":[0,0],"ix":1},"s":{"a":1,"k":[{"i":{"x":[0.427,0.427],"y":[1.4,1.4]},"o":{"x":[0.167,0.167],"y":[0.167,0.167]},"n":["0p427_1p4_0p167_0p167","0p427_1p4_0p167_0p167"],"t":109,"s":[0,0],"e":[55.328,55.328]},{"t":120}],"ix":3},"r":{"a":0,"k":-213.316,"ix":6},"o":{"a":0,"k":100,"ix":7},"sk":{"a":0,"k":0,"ix":4},"sa":{"a":0,"k":0,"ix":5},"nm":"Transform"}],"nm":"Group 15","np":5,"cix":2,"ix":19,"mn":"ADBE Vector Group","hd":false},{"ty":"gr","it":[{"ind":0,"ty":"sh","ix":1,"ks":{"a":0,"k":{"i":[[6.036,0.013],[-0.013,6.036],[-6.036,-0.014],[0.013,-6.036]],"o":[[-6.036,-0.014],[0.014,-6.036],[6.036,0.014],[-0.014,6.036]],"v":[[0.217,-75.202],[-10.688,-86.156],[0.266,-97.061],[11.171,-86.107]],"c":true},"ix":2},"nm":"Path 1","mn":"ADBE Vector Shape - Group","hd":false},{"ind":1,"ty":"sh","ix":2,"ks":{"a":0,"k":{"i":[[0,0],[3.643,3.23],[0,0],[6.573,-5.775],[0,0],[0.01,-4.869],[0,0],[-6.927,-0.015],[0,0],[-0.015,6.927]],"o":[[0.011,-4.869],[0,0],[-6.546,-5.804],[0,0],[-3.657,3.214],[0,0],[-0.016,6.927],[0,0],[6.928,0.015],[0,0]],"v":[[62.682,-61.207],[56.969,-73.945],[11.785,-114.005],[-11.178,-114.056],[-56.54,-74.198],[-62.309,-61.486],[-62.681,105.58],[-50.167,118.151],[49.738,118.374],[62.309,105.859]],"c":true},"ix":2},"nm":"Path 2","mn":"ADBE Vector Shape - Group","hd":false},{"ty":"mm","mm":1,"nm":"Merge Paths 1","mn":"ADBE Vector Filter - Merge","hd":false},{"ty":"mm","mm":4,"nm":"Merge Paths 2","mn":"ADBE Vector Filter - Merge","hd":false},{"ty":"fl","c":{"a":0,"k":[1,0.788235294117647,0.3843137254901961,1],"ix":4},"o":{"a":0,"k":100,"ix":5},"r":1,"nm":"Fill 1","mn":"ADBE Vector Graphic - Fill","hd":false},{"ty":"tr","p":{"a":0,"k":[457.181,195.873],"ix":2},"a":{"a":0,"k":[0,0],"ix":1},"s":{"a":0,"k":[50.278,50.278],"ix":3},"r":{"a":0,"k":-129.358,"ix":6},"o":{"a":0,"k":100,"ix":7},"sk":{"a":0,"k":0,"ix":4},"sa":{"a":0,"k":0,"ix":5},"nm":"Transform"}],"nm":"Group 9","np":5,"cix":2,"ix":20,"mn":"ADBE Vector Group","hd":false},{"ty":"gr","it":[{"ind":0,"ty":"sh","ix":1,"ks":{"a":0,"k":{"i":[[6.036,0.013],[-0.013,6.036],[-6.036,-0.014],[0.013,-6.036]],"o":[[-6.036,-0.014],[0.014,-6.036],[6.036,0.014],[-0.014,6.036]],"v":[[0.217,-75.202],[-10.688,-86.156],[0.266,-97.061],[11.171,-86.107]],"c":true},"ix":2},"nm":"Path 1","mn":"ADBE Vector Shape - Group","hd":false},{"ind":1,"ty":"sh","ix":2,"ks":{"a":0,"k":{"i":[[0,0],[3.643,3.23],[0,0],[6.573,-5.775],[0,0],[0.01,-4.869],[0,0],[-6.927,-0.015],[0,0],[-0.015,6.927]],"o":[[0.011,-4.869],[0,0],[-6.546,-5.804],[0,0],[-3.657,3.214],[0,0],[-0.016,6.927],[0,0],[6.928,0.015],[0,0]],"v":[[62.682,-61.207],[56.969,-73.945],[11.785,-114.005],[-11.178,-114.056],[-56.54,-74.198],[-62.309,-61.486],[-62.681,105.58],[-50.167,118.151],[49.738,118.374],[62.309,105.859]],"c":true},"ix":2},"nm":"Path 2","mn":"ADBE Vector Shape - Group","hd":false},{"ty":"mm","mm":1,"nm":"Merge Paths 1","mn":"ADBE Vector Filter - Merge","hd":false},{"ty":"mm","mm":4,"nm":"Merge Paths 2","mn":"ADBE Vector Filter - Merge","hd":false},{"ty":"fl","c":{"a":0,"k":[1,0.788235294117647,0.3843137254901961,1],"ix":4},"o":{"a":0,"k":100,"ix":5},"r":1,"nm":"Fill 1","mn":"ADBE Vector Graphic - Fill","hd":false},{"ty":"tr","p":{"a":0,"k":[616.181,229.373],"ix":2},"a":{"a":0,"k":[0,0],"ix":1},"s":{"a":0,"k":[39.687,39.687],"ix":3},"r":{"a":0,"k":-99.636,"ix":6},"o":{"a":0,"k":100,"ix":7},"sk":{"a":0,"k":0,"ix":4},"sa":{"a":0,"k":0,"ix":5},"nm":"Transform"}],"nm":"Group 5","np":5,"cix":2,"ix":21,"mn":"ADBE Vector Group","hd":false},{"ty":"gr","it":[{"ind":0,"ty":"sh","ix":1,"ks":{"a":0,"k":{"i":[[6.036,0.013],[-0.013,6.036],[-6.036,-0.014],[0.013,-6.036]],"o":[[-6.036,-0.014],[0.014,-6.036],[6.036,0.014],[-0.014,6.036]],"v":[[0.217,-75.202],[-10.688,-86.156],[0.266,-97.061],[11.171,-86.107]],"c":true},"ix":2},"nm":"Path 1","mn":"ADBE Vector Shape - Group","hd":false},{"ind":1,"ty":"sh","ix":2,"ks":{"a":0,"k":{"i":[[0,0],[3.643,3.23],[0,0],[6.573,-5.775],[0,0],[0.01,-4.869],[0,0],[-6.927,-0.015],[0,0],[-0.015,6.927]],"o":[[0.011,-4.869],[0,0],[-6.546,-5.804],[0,0],[-3.657,3.214],[0,0],[-0.016,6.927],[0,0],[6.928,0.015],[0,0]],"v":[[62.682,-61.207],[56.969,-73.945],[11.785,-114.005],[-11.178,-114.056],[-56.54,-74.198],[-62.309,-61.486],[-62.681,105.58],[-50.167,118.151],[49.738,118.374],[62.309,105.859]],"c":true},"ix":2},"nm":"Path 2","mn":"ADBE Vector Shape - Group","hd":false},{"ty":"mm","mm":1,"nm":"Merge Paths 1","mn":"ADBE Vector Filter - Merge","hd":false},{"ty":"mm","mm":4,"nm":"Merge Paths 2","mn":"ADBE Vector Filter - Merge","hd":false},{"ty":"fl","c":{"a":0,"k":[1,0.788235294117647,0.3843137254901961,1],"ix":4},"o":{"a":0,"k":100,"ix":5},"r":1,"nm":"Fill 1","mn":"ADBE Vector Graphic - Fill","hd":false},{"ty":"tr","p":{"a":0,"k":[574.181,445.373],"ix":2},"a":{"a":0,"k":[0,0],"ix":1},"s":{"a":0,"k":[43.56,43.56],"ix":3},"r":{"a":0,"k":-103.809,"ix":6},"o":{"a":0,"k":100,"ix":7},"sk":{"a":0,"k":0,"ix":4},"sa":{"a":0,"k":0,"ix":5},"nm":"Transform"}],"nm":"Group 3","np":5,"cix":2,"ix":22,"mn":"ADBE Vector Group","hd":false},{"ty":"gr","it":[{"ind":0,"ty":"sh","ix":1,"ks":{"a":0,"k":{"i":[[6.036,0.013],[-0.013,6.036],[-6.036,-0.014],[0.013,-6.036]],"o":[[-6.036,-0.014],[0.014,-6.036],[6.036,0.014],[-0.014,6.036]],"v":[[0.217,-75.202],[-10.688,-86.156],[0.266,-97.061],[11.171,-86.107]],"c":true},"ix":2},"nm":"Path 1","mn":"ADBE Vector Shape - Group","hd":false},{"ind":1,"ty":"sh","ix":2,"ks":{"a":0,"k":{"i":[[0,0],[3.643,3.23],[0,0],[6.573,-5.775],[0,0],[0.01,-4.869],[0,0],[-6.927,-0.015],[0,0],[-0.015,6.927]],"o":[[0.011,-4.869],[0,0],[-6.546,-5.804],[0,0],[-3.657,3.214],[0,0],[-0.016,6.927],[0,0],[6.928,0.015],[0,0]],"v":[[62.682,-61.207],[56.969,-73.945],[11.785,-114.005],[-11.178,-114.056],[-56.54,-74.198],[-62.309,-61.486],[-62.681,105.58],[-50.167,118.151],[49.738,118.374],[62.309,105.859]],"c":true},"ix":2},"nm":"Path 2","mn":"ADBE Vector Shape - Group","hd":false},{"ty":"mm","mm":1,"nm":"Merge Paths 1","mn":"ADBE Vector Filter - Merge","hd":false},{"ty":"mm","mm":4,"nm":"Merge Paths 2","mn":"ADBE Vector Filter - Merge","hd":false},{"ty":"fl","c":{"a":0,"k":[1,0.788235294117647,0.3843137254901961,1],"ix":4},"o":{"a":0,"k":100,"ix":5},"r":1,"nm":"Fill 1","mn":"ADBE Vector Graphic - Fill","hd":false},{"ty":"tr","p":{"a":0,"k":[456.681,434.373],"ix":2},"a":{"a":0,"k":[0,0],"ix":1},"s":{"a":0,"k":[54.365,54.365],"ix":3},"r":{"a":0,"k":-150.875,"ix":6},"o":{"a":0,"k":100,"ix":7},"sk":{"a":0,"k":0,"ix":4},"sa":{"a":0,"k":0,"ix":5},"nm":"Transform"}],"nm":"Group 1","np":5,"cix":2,"ix":23,"mn":"ADBE Vector Group","hd":false},{"ty":"gr","it":[{"ind":0,"ty":"sh","ix":1,"ks":{"a":0,"k":{"i":[[8.116,-1.833],[5.184,-1.041],[0.177,0.321],[-8.805,6.243]],"o":[[-5.155,1.164],[-0.176,-0.322],[8.416,-5.968],[1.352,9.752]],"v":[[209.086,-133.235],[193.541,-130.09],[193.012,-131.054],[218.649,-149.232]],"c":true},"ix":2},"nm":"Path 1","mn":"ADBE Vector Shape - Group","hd":false},{"ind":1,"ty":"sh","ix":2,"ks":{"a":0,"k":{"i":[[21.131,-13.833],[-24.344,8.76]],"o":[[19.174,-16.921],[-18.942,17.287]],"v":[[133.205,-106.506],[197.018,-147.34]],"c":true},"ix":2},"nm":"Path 2","mn":"ADBE Vector Shape - Group","hd":false},{"ind":2,"ty":"sh","ix":3,"ks":{"a":0,"k":{"i":[[-11.41,22.968],[10.993,-23.09]],"o":[[-1.725,25.816],[7.486,-24.121]],"v":[[151.923,19.625],[130.219,92.21]],"c":true},"ix":2},"nm":"Path 3","mn":"ADBE Vector Shape - Group","hd":false},{"ind":3,"ty":"sh","ix":4,"ks":{"a":0,"k":{"i":[[-9.748,1.383],[3.421,-9.732],[0.357,0.081],[0.298,5.278]],"o":[[-3.58,10.183],[-0.358,-0.081],[-0.425,-5.269],[-0.47,-8.307]],"v":[[147.791,-1.691],[137.368,27.957],[136.295,27.714],[135.042,11.903]],"c":true},"ix":2},"nm":"Path 4","mn":"ADBE Vector Shape - Group","hd":false},{"ind":4,"ty":"sh","ix":5,"ks":{"a":0,"k":{"i":[[1.649,11.653],[1.466,6.143],[-4.833,9.211],[-4.17,7.003],[-4.385,-3.755],[3.969,-4.784],[0.411,-1.818],[3.675,-12.836],[4.709,-12.8]],"o":[[-0.891,-6.295],[-2.612,-10.942],[3.499,-6.668],[4.22,4.549],[4.379,3.748],[-1.149,1.384],[-2.944,13.049],[-3.353,11.717],[-1.967,-13.159]],"v":[[-1.335,-142.815],[-3.722,-161.728],[2.2,-191.328],[14.016,-211.326],[26.235,-198.366],[28.029,-186.507],[25.88,-181.302],[17.051,-142.163],[4.087,-106.372]],"c":true},"ix":2},"nm":"Path 5","mn":"ADBE Vector Shape - Group","hd":false},{"ind":5,"ty":"sh","ix":6,"ks":{"a":0,"k":{"i":[[0.542,-0.058],[3.16,7.71],[-7.524,-0.969],[3.599,-5.865]],"o":[[-2.783,-6.792],[7.733,0.996],[-4.057,6.61],[-0.542,0.057]],"v":[[-13.1,-201.457],[-21.826,-222.751],[-0.219,-219.968],[-11.475,-201.629]],"c":true},"ix":2},"nm":"Path 6","mn":"ADBE Vector Shape - Group","hd":false},{"ind":6,"ty":"sh","ix":7,"ks":{"a":0,"k":{"i":[[9.564,15.804],[2.754,8.469],[16.839,21.594],[16.202,19.912],[0.881,7.115],[3.132,10.168],[-1.287,0.43],[-5.193,-6.995],[-1.393,-1.527],[-14.187,-8.104],[-9.958,-15.678],[-4.561,-2.97],[-6.003,-8.788],[-0.026,-1.666],[0.055,-11.722],[-0.424,-8.399],[-0.494,-17.885],[-0.143,-9.058]],"o":[[-4.546,-7.514],[-8.527,-26.224],[-15.789,-20.246],[-5.038,-6.192],[-1.158,-9.341],[1.285,-0.325],[7.78,-2.602],[1.223,1.648],[10.821,11.856],[16.199,9.253],[2.954,4.651],[9.353,6.088],[0.882,1.292],[0.182,11.72],[-0.04,8.432],[0.901,17.882],[0.25,9.055],[-9.044,-16.093]],"v":[[-52.208,143.912],[-61.978,119.052],[-101.196,48.007],[-148.81,-12.535],[-155.041,-32.657],[-163.206,-69.592],[-159.348,-70.708],[-139.584,-65.215],[-135.328,-60.707],[-99.085,-29.523],[-60.997,9.138],[-49.518,21.315],[-28.553,45.189],[-27.496,50.12],[-27.194,85.285],[-27.76,110.575],[-24.192,164.175],[-23.621,191.346]],"c":true},"ix":2},"nm":"Path 7","mn":"ADBE Vector Shape - Group","hd":false},{"ind":7,"ty":"sh","ix":8,"ks":{"a":0,"k":{"i":[[3.604,7.422],[1.578,3.695],[-9.514,1.959],[-1.511,-5.999]],"o":[[-4.414,-9.092],[9.471,2.277],[0.819,7.452],[-8.185,-4.202]],"v":[[-180.162,-39.179],[-193.946,-70.145],[-165.502,-69.065],[-162.211,-24.41]],"c":true},"ix":2},"nm":"Path 8","mn":"ADBE Vector Shape - Group","hd":false},{"ind":8,"ty":"sh","ix":9,"ks":{"a":0,"k":{"i":[[15.242,13.242],[-11.33,-3.208],[-1.257,-0.305],[-3.736,-7.88]],"o":[[11.671,1.363],[1.259,0.356],[0.145,8.549],[-12.93,-10.321]],"v":[[-232.316,-79.091],[-197.992,-71.198],[-194.218,-70.212],[-184.85,-38.978]],"c":true},"ix":2},"nm":"Path 9","mn":"ADBE Vector Shape - Group","hd":false},{"ind":9,"ty":"sh","ix":10,"ks":{"a":0,"k":{"i":[[-3.121,-19.647],[4.1,1.065],[0.237,0.956],[0.242,16.483]],"o":[[-4.637,-0.983],[-1.091,-0.283],[-3.971,-15.96],[10.766,16.5]],"v":[[-133.68,-179.206],[-146.594,-182.024],[-149.407,-184.298],[-155.149,-233.006]],"c":true},"ix":2},"nm":"Path 10","mn":"ADBE Vector Shape - Group","hd":false},{"ind":10,"ty":"sh","ix":11,"ks":{"a":0,"k":{"i":[[-13.55,-20.391],[14.837,19.091]],"o":[[-19.086,-14.898],[21.686,12.352]],"v":[[-103.22,-47.603],[-153.246,-99.453]],"c":true},"ix":2},"nm":"Path 11","mn":"ADBE Vector Shape - Group","hd":false},{"ind":11,"ty":"sh","ix":12,"ks":{"a":0,"k":{"i":[[-4.866,-8.666],[-13.725,-21.387],[-6.306,-7.15],[3.782,-8.749],[3.245,3.389],[8.122,7.6],[7.453,9.844],[-0.504,7.608],[1.139,12.248],[0.214,2.249]],"o":[[12.442,22.155],[5.222,8.14],[-3.729,8.626],[-2.362,-4.219],[-7.683,-8.021],[-9.146,-8.558],[-4.447,-5.874],[0.837,-12.664],[-0.14,-1.511],[9.652,1.208]],"v":[[-127.279,-164.53],[-87.934,-99.214],[-68.888,-77.257],[-80.112,-51.291],[-87.354,-63.83],[-111.618,-86.728],[-138.559,-112.788],[-144.397,-135.72],[-147.945,-172.523],[-148.445,-177.793]],"c":true},"ix":2},"nm":"Path 12","mn":"ADBE Vector Shape - Group","hd":false},{"ind":12,"ty":"sh","ix":13,"ks":{"a":0,"k":{"i":[[-0.659,-0.076],[-4.804,-13.752],[-0.618,-6.475],[0.403,-0.2],[1.428,1.772],[5.432,7.543],[-0.45,3.082],[-1.91,7.925]],"o":[[5.579,13.482],[2.083,5.961],[-0.404,0.2],[-1.463,-1.744],[-5.839,-7.248],[-1.933,-2.685],[1.174,-8.032],[0,0]],"v":[[-63.966,-74.248],[-47.475,-29.505],[-45.377,-10.168],[-46.587,-9.568],[-50.97,-14.804],[-68.32,-36.675],[-71.428,-46.454],[-65.944,-70.265]],"c":true},"ix":2},"nm":"Path 13","mn":"ADBE Vector Shape - Group","hd":false},{"ind":13,"ty":"sh","ix":14,"ks":{"a":0,"k":{"i":[[19.766,16.339],[-19.981,-15.961]],"o":[[24.744,7.558],[-21.784,-12.781]],"v":[[-192.813,42.301],[-127.076,79.961]],"c":true},"ix":2},"nm":"Path 14","mn":"ADBE Vector Shape - Group","hd":false},{"ind":14,"ty":"sh","ix":15,"ks":{"a":0,"k":{"i":[[0.16,-0.329],[5.206,0.91],[-0.873,9.807],[-8.697,-5.547]],"o":[[-5.229,-0.785],[-8.196,-1.434],[9.1,5.805],[-0.16,0.33]],"v":[[-188.495,59.36],[-204.176,56.981],[-214.511,41.471],[-188.015,58.371]],"c":true},"ix":2},"nm":"Path 15","mn":"ADBE Vector Shape - Group","hd":false},{"ind":15,"ty":"sh","ix":16,"ks":{"a":0,"k":{"i":[[4.312,-16.979],[2.558,15.751],[5.407,11.206],[1.091,2.815],[-0.836,-0.432],[-10.223,-5.195],[-0.597,-3.436]],"o":[[-17.502,-4.013],[-2.009,-12.373],[-0.932,-1.931],[1.756,0.626],[10.186,5.267],[2.992,1.52],[2.955,17.014]],"v":[[-158.868,-127.783],[-185.384,-160.826],[-196.607,-196.023],[-199.274,-202.84],[-195.737,-201.562],[-165.187,-185.744],[-159.94,-178.77]],"c":true},"ix":2},"nm":"Path 16","mn":"ADBE Vector Shape - Group","hd":false},{"ind":16,"ty":"sh","ix":17,"ks":{"a":0,"k":{"i":[[-1.362,2.961],[-2.161,4.82],[-2.466,5.345],[-1.747,-6.552],[-6.841,-5.592],[-2.587,-3.073],[0.361,-0.457],[1.416,0.683],[10.373,4.947]],"o":[[2.206,-4.797],[2.208,-4.928],[1.672,7.092],[2.212,8.302],[3.056,2.498],[-0.362,0.457],[-1.489,-0.532],[-10.351,-4.994],[-2.548,-1.215]],"v":[[-199.332,-210.732],[-192.976,-225.246],[-185.998,-240.404],[-181.173,-220.117],[-168.093,-199.068],[-160.251,-189.949],[-161.336,-188.578],[-165.793,-190.194],[-196.816,-205.235]],"c":true},"ix":2},"nm":"Path 17","mn":"ADBE Vector Shape - Group","hd":false},{"ind":17,"ty":"sh","ix":18,"ks":{"a":0,"k":{"i":[[2.095,4.179],[41.312,-23.474],[0,0],[9.203,-14.124],[7.825,2.363],[-2.942,-4.808],[5.76,-3.028],[4.45,-1.176],[20.942,-14.811],[10.701,-7.215],[0.875,0.759],[-1.638,2.72],[-14.962,23.716],[-4.941,6.801],[-12.404,-2.106],[-8.021,3.735],[11.029,4.798],[-17.365,20.878],[0.729,-0.704],[15.34,-13.527],[0.526,8.425],[4.424,-10.379],[7.97,-4.598],[-0.931,4.644],[1.969,-0.231],[-0.833,13.762],[0.981,-13.189],[4.729,-6.431],[14.778,-20.997],[7.233,-26.61],[4.172,-7.727],[10.411,-25.996],[4.77,-8.671],[0.896,0.012],[0.107,2.081],[-0.521,8.215],[2.235,25.745],[-9,12.211],[-1.583,4.083],[-6.153,6.576],[-22.599,6.19],[-1.502,5.835],[8.474,-2.137],[-1.635,6.847],[-4.017,11.69],[-1.518,5.807],[0.344,1.854],[5.149,-11.606],[-1.508,-13.028],[8.246,-3.27],[2.661,-1.587],[6.572,-3.823],[-0.145,1],[-2.041,12.189],[-1.829,1.44],[-4.703,3.042],[-2.945,-2.347],[-0.323,0.321],[0.707,0.802],[-4.303,6.205],[-0.499,0.949],[-2.622,5.022],[0,0],[0.899,-1.417],[3.288,-5.035],[4.396,-4.477],[1.887,1.227],[4.739,4.513],[-2.571,3.379],[-8.437,11.763],[-1.348,2.317],[0,0],[10.675,-14.008],[-0.22,0.591],[-5.826,13.384],[-13.57,14.623],[-6.196,13.393],[-6.111,16.054],[0,1.11],[0.852,-1.95],[2.975,-8.067],[9.091,-12.307],[5.334,10.591],[1.477,1.752],[0,0],[-1.256,-2.733],[-4.789,-9.534],[2.675,-2.098],[6.22,-11.788],[4.837,-8.545],[0.68,-0.993],[0.491,0.183],[-2.666,10.434],[-5.065,19.556],[0.807,-3.061],[3.653,-12.741],[2.78,-8.385],[2.123,3.706],[8.383,14.423],[1.779,1.949],[0,0],[-0.739,-1.427],[-9.359,-17.225],[2.715,-9.306],[-0.672,-5.632],[3.626,-7.032],[7.561,4.455],[-0.854,-1.79],[-1.902,-3.86],[8.519,0.302],[5.451,0.274],[0.282,1.32],[4.616,26.956],[2.961,23.385],[-3.172,8.546],[-0.85,4.616],[3.565,-4.762],[0.319,1.666],[2.051,11.174],[4.052,-1.728],[-0.136,-0.812],[-1.592,-15.212],[-1.366,-18.161],[-2.209,-18.805],[-7.324,-26.477],[-1.837,-12.175],[-0.65,-18.205],[-0.366,-31.631],[0.134,-0.902],[1.326,-8.671],[0.195,4.985],[0.472,5.485],[3.451,6.456],[5.786,12.683],[-1.05,1.865],[-3.534,5.908],[1.662,2.824],[7.001,-10.169],[6.46,8.648],[6.343,9.84],[-0.175,0.853],[-1.742,8.771],[-0.303,9.82],[1.118,11.281],[0.593,1.199],[0,0],[-0.059,-9.371],[0.593,-9.02],[0.768,-0.19],[0,0],[-0.618,-8.116],[1.646,-8.339],[0.941,-0.137],[3.596,12.935],[10.361,17.016],[0.124,3.071],[-1.186,8.158],[1.373,18.668],[0.976,13.909],[-0.237,-6.075],[0.147,-16.692],[1.084,-11.006],[0.817,-0.032],[0,0],[0.343,-0.021],[0,0],[2.499,6.244],[3.583,15.926],[-0.159,2.551],[-0.731,12.209],[0.227,2.164],[0,0],[0,0],[5.869,3.823],[-0.433,-2.14],[-0.949,-6.629],[1.842,-5.725],[6.257,-15.275],[0.328,0.516],[7.944,12.898],[3.274,-2.826],[-0.937,-1.591],[-7.902,-13.299],[-1.323,-22.537],[1.792,1.549],[13.17,7.698],[8.047,15.293],[9.198,20.567],[2.639,6.201],[0,0],[-0.61,-1.744],[-1.764,-4.483],[-8.382,-21.265],[-0.762,-1.134],[-15.765,-10.997],[-9.841,-7.529],[-7.394,-6.178],[-3.371,-3.745],[0.277,-0.758],[7.337,-0.582],[7.572,-0.05],[7.188,-0.001],[0.02,-0.652],[-11.324,-0.696],[3.921,-3.847],[-0.558,-0.622],[-3.859,2.908],[-2.463,0.36],[-9.758,0.853],[-0.752,-1.171],[-5.259,-8.651],[14.003,3.256],[14.609,2.206],[0.388,0.122],[1.016,0.889],[0.157,0.012],[1.678,2.784],[4.702,7.371],[1.82,1.428],[0.134,-0.273],[-7.287,-13.08],[3.544,-0.613],[1.16,-0.707],[-1.266,-0.004],[-4.46,0.119],[-2.679,-0.184],[-19.234,-14.832],[10.388,-2.315],[-8.162,1.802],[-7.36,-9.153],[-4.792,-6.831],[-15.626,-23.288],[-1.505,-2.813],[0.836,-0.8],[10.887,6.925],[25.333,5.379],[4.106,1.909],[-2.85,5.215],[-1.071,5.741],[5.893,-4.365],[10.061,13.9],[-8.66,-16.901],[42.572,21.503],[-2.243,-1.233],[-32.591,-17.962],[-1.168,-2.044],[0,0],[0.128,-0.503],[-4.307,-1.176],[-13.05,-3.783],[-0.435,-8.349],[-0.179,-3.655],[30.28,-4.513],[-12.057,0.138],[-29.4,-7.456],[-6.002,-3.194],[-12.319,-6.53],[-4.176,-1.486],[-7.134,-3.275],[-0.816,-2.106],[-4.591,-12.055],[-1.662,-3.13],[6.903,3.159],[3.18,3.277],[2.934,4.797],[2.746,4.776],[-4.479,-10.153],[5.415,4.619],[0.496,-0.515],[-3.854,-3.789],[-3.978,-4.04],[-14.172,-4.662],[-13.089,-6.786],[-2.544,-4.943],[-5.758,-11.458],[-0.298,-15.958],[0,0],[12.711,-122.746],[0,0],[0.044,12.544],[-0.02,2.876],[-21.572,19.801],[-8.825,8.625],[-7.619,4.61],[-17.194,21.314],[-15.7,20.309],[-6.728,2.479],[-1.786,3.245],[11.731,-4.138],[0.114,0.698],[5.498,-2.837],[-6.407,5.199],[0,0],[6.983,-5.56],[-9.831,18.479],[0.571,-0.837],[11.411,-25.066],[4.62,9.589],[-3.612,-7.539],[7.237,-9.251],[5.56,-6.222],[19.12,-20.517],[2.396,-2.106],[0.97,0.632],[-4.265,12.178],[0.53,25.892],[-0.924,4.433],[-5.727,-1.587],[-5.834,0.264],[5.592,4.745],[-11.245,12.961],[14.486,-12.282],[3.159,18.43],[0,0],[0.887,-1.749],[0,0],[1.724,-1.603],[0.165,-4.462],[0.712,-13.568],[8.03,-2.324],[3.518,-1.007],[0.566,-30.325],[1.743,-6.573],[3.555,-13.483],[0.495,-4.404],[1.565,-7.692],[1.865,-1.275],[10.693,-7.215],[2.671,-2.331],[-1.504,7.441],[-2.467,3.842],[-4.003,3.949],[-4.026,3.761],[8.866,-6.674],[-3.265,6.324],[0.614,0.365],[2.812,-4.616],[3.028,-4.794],[1.313,-14.862],[3.628,-14.291],[4.233,-3.603],[9.445,-7.697],[0.084,18.103],[-5.692,16.466],[-1.541,5.092],[-3.341,8.389],[-2.646,5.966],[-7.046,15.504],[-4.321,2.516],[-13.755,5.285],[-9.807,10.986],[-3.845,4.169],[-3.552,4.076],[7.523,-7.083],[6.855,-2.546],[0.733,0.347],[2.639,-4.833],[3.643,-4.144],[4.185,-2.168],[7.382,-3.426],[-0.891,2.737],[-4.068,12.24],[-1.857,0.966],[-7.263,2.992],[-3.713,2.208],[-11.403,6.9],[-0.769,0.491],[-10.153,3.385],[-28.509,1.07],[0,0],[30.228,-2.275],[-0.01,3.415],[-7.991,2.748],[-12.918,4.218],[-4.203,1.514],[0.153,0.496],[10.711,-2.549],[-1.545,0.954],[-31.686,19.513]],"o":[[-41.468,23.563],[7.823,-17.305],[-9.368,14.376],[-6.101,-4.071],[1.351,5.681],[3.101,5.069],[-4.008,2.109],[-25.038,6.613],[-10.535,7.45],[-0.875,-0.758],[1.365,-2.883],[14.466,-24.025],[4.452,-7.056],[6.903,-9.504],[8.241,1.4],[-10.489,-1.804],[20.961,-17.868],[0.648,-0.779],[-15.061,14.535],[3.424,-8.243],[0,0],[-3.236,7.59],[1.215,-6.066],[-0.702,0.082],[0.752,-12.417],[-2.628,2.61],[-0.533,7.149],[-15.207,20.682],[-15.761,22.392],[-2.336,8.594],[-13.241,24.516],[-3.652,9.12],[-0.897,-0.011],[-1.014,-2.035],[-0.425,-8.237],[1.623,-25.571],[-1.216,-13.996],[2.516,-3.414],[3.514,-9.061],[15.531,-16.598],[6.354,-1.74],[-7.628,1.924],[-0.249,-8.158],[2.858,-11.962],[1.954,-5.687],[0.472,-1.805],[-5.307,12.151],[-5.128,11.556],[0.933,8.066],[-2.82,1.118],[-6.107,3.641],[0,-1.801],[1.766,-12.235],[0.4,-2.388],[4.463,-3.51],[2.565,2.044],[0.323,-0.322],[-0.437,-1.042],[-5.584,-6.316],[0.611,-0.882],[2.634,-5.015],[0,0],[-1.414,1.091],[-3.224,5.081],[-3.467,5.306],[-2.025,2.064],[-5.405,-3.514],[-2.746,-2.616],[8.764,-11.517],[1.556,-2.169],[0,0],[-10.675,14.008],[-0.923,-1.26],[5.103,-13.696],[7.909,-18.173],[10.254,-11.049],[7.198,-15.557],[0.368,-0.969],[-2.516,1.037],[-3.446,7.878],[-4.953,13.431],[-5.579,-11.463],[-1.003,-1.991],[0,0],[0.984,2.859],[4.455,9.697],[1.532,3.048],[-10.433,8.181],[-4.581,8.681],[-0.591,1.044],[-0.492,-0.183],[2.564,-10.46],[5.048,-19.75],[-4.347,-2.102],[-3.378,12.817],[-2.016,7.031],[-3.145,-5.13],[-8.293,-14.477],[-1.296,-2.229],[0,0],[0.661,1.466],[9.019,17.409],[4.517,8.313],[-1.609,5.516],[0.935,7.84],[-4.375,-5.342],[1.149,3.188],[1.851,3.884],[3.78,7.674],[-5.116,-0.182],[-0.298,-0.97],[-5.707,-26.768],[-3.973,-23.204],[-1.119,-8.841],[1.61,-4.334],[-7.325,2.883],[-0.492,-1.831],[-2.14,-11.157],[-0.567,-3.086],[0.074,0.867],[2.54,15.113],[1.894,18.097],[1.419,18.885],[3.194,27.189],[3.3,11.928],[2.722,18.025],[1.129,31.605],[0.01,0.912],[-1.278,8.563],[-5.432,-1.671],[-0.214,-5.484],[-0.609,-7.07],[-6.569,-12.287],[-0.843,-1.846],[3.37,-5.992],[3.028,-5.063],[-6.118,8.887],[-8.182,-9.445],[-6.993,-9.36],[-0.471,-0.732],[1.797,-8.761],[1.936,-9.749],[0.346,-11.25],[-0.123,-1.246],[0,0],[0.693,9.368],[0.056,9.016],[-0.769,0.19],[0,0],[1.869,8.543],[0.623,8.166],[-0.941,0.137],[-6.196,-12.213],[-5.381,-19.355],[-1.651,-2.709],[-0.335,-8.288],[2.692,-18.524],[-1.022,-13.893],[-3.314,0.777],[0.651,16.695],[-0.096,11.014],[-0.818,0.032],[0,0],[-0.344,0.02],[0,0],[-5.829,-4.445],[-6.249,-15.61],[-0.553,-2.46],[0.757,-12.207],[0.129,-2.143],[0,0],[0,0],[-3.631,-4.044],[0.475,3.421],[1.332,6.577],[0.916,6.401],[-4.692,14.588],[-1.507,-1.847],[-8.118,-12.791],[-1.791,-2.907],[0.776,1.569],[7.85,13.329],[11.348,19.098],[-1.985,-1.463],[-11.503,-9.951],[-15.101,-8.826],[-10.471,-19.9],[-2.751,-6.15],[0,0],[0.165,1.901],[1.589,4.543],[8.369,21.27],[0.501,1.271],[10.522,15.664],[10.153,7.082],[7.661,5.862],[3.828,3.198],[-0.277,0.758],[-7.296,1.095],[-7.532,0.598],[-7.188,0.049],[-0.02,0.651],[9.65,0.592],[-5.002,4.909],[0.557,0.622],[3.726,-3.085],[2.114,-1.593],[9.689,-1.414],[1.488,-0.13],[5.476,8.536],[-12.367,4.682],[-14.339,-3.335],[-0.367,-0.055],[-1.094,-0.955],[-0.152,-0.132],[-1.888,-2.64],[-4.515,-7.492],[-1.173,-1.84],[-0.134,0.273],[6.855,12.304],[-5.264,0.572],[-1.244,0.215],[1.264,0.701],[4.455,0.012],[2.725,-0.073],[15.983,17.801],[-10.781,5.332],[8.194,3.338],[12.287,-2.711],[5.269,6.552],[16.105,22.954],[1.769,2.636],[-0.837,0.8],[-11.042,-6.683],[-21.643,-13.767],[-4.501,-0.956],[-5.9,-2.742],[2.702,-4.945],[-7.699,2.744],[-9.884,-13.656],[0,0],[-42.411,-21.423],[-1.888,4.276],[32.604,17.939],[1.591,0.877],[0,0],[-0.127,0.503],[4.272,1.307],[13.109,3.58],[8.115,2.353],[0.178,3.41],[-30.302,-0.792],[0,0],[30.214,-0.348],[6.573,1.666],[12.309,6.55],[3.816,2.023],[7.402,2.632],[1.903,0.874],[4.662,12.026],[1.024,2.69],[-7.542,-3.059],[-4.286,-1.961],[-3.842,-3.961],[-2.873,-4.697],[-0.714,0.382],[-6.972,-2.208],[-7.86,-6.705],[3.748,3.898],[4.046,3.976],[10.333,10.492],[13.998,4.605],[4.438,2.302],[3.992,7.753],[7.166,14.26],[0,0],[0.587,31.307],[0,0],[-9.484,-100.324],[-0.01,-2.876],[0.21,-29.281],[13.247,-12.158],[6.281,-6.137],[23.593,-14.274],[16.12,-19.984],[4.882,-6.316],[12.409,-4.571],[-13.001,4.587],[-0.32,-1.957],[-4.209,2.173],[2.229,-8.927],[8.761,-7.109],[-8.245,1.812],[8.784,-18.467],[0.476,-0.895],[-15.294,22.437],[-7.647,-9.284],[-1.385,8.74],[5.437,11.346],[-5.18,6.622],[-18.685,20.908],[-2.163,2.323],[-0.97,-0.633],[3.993,-12.274],[8.478,-24.209],[-0.094,-4.6],[1.328,-6.37],[5.431,1.505],[-4.426,-6.872],[11.047,-12.733],[0,0],[0,0],[0,0],[-0.494,1.898],[0,0],[-0.491,1.75],[-0.497,-10.999],[-0.501,13.58],[-0.444,8.438],[-3.28,0.95],[0,0],[-0.126,6.78],[-3.576,13.476],[-1.101,4.176],[-0.878,7.807],[-0.417,2.052],[-10.648,7.277],[-2.385,1.61],[1.263,-8.04],[0.934,-4.62],[2.983,-4.643],[3.92,-3.867],[-0.535,-0.609],[0.563,-7.292],[4.74,-9.18],[-2.942,4.536],[-2.951,4.844],[-7.864,12.45],[-1.298,14.678],[-1.23,4.846],[-9.275,7.896],[-0.11,-18.101],[-0.08,-17.026],[1.731,-5.009],[2.618,-8.653],[2.408,-6.043],[6.904,-15.571],[2.3,-5.062],[12.741,-7.42],[13.927,-5.35],[3.775,-4.229],[3.664,-3.974],[-0.52,-0.49],[-5.182,4.879],[3.976,-10.359],[-2.508,4.906],[-2.696,4.934],[-3.015,3.429],[-6.74,3.493],[1.506,-3.209],[3.995,-12.265],[0.712,-2.144],[6.965,-3.62],[4.098,-1.687],[11.455,-6.811],[0.781,-0.473],[1.903,-1.213],[6.772,-2.257],[12.05,-0.452],[-30.465,-3.024],[0,-3.659],[0.026,-8.36],[12.849,-4.417],[4.245,-1.385],[-0.152,-0.496],[-10.711,2.548],[1.066,-2.099],[31.672,-19.537],[2.179,-1.342]],"v":[[354.396,-238.174],[230.305,-167.662],[243.446,-215.638],[227.523,-174.859],[216.051,-190.306],[221.568,-173.958],[217.652,-159.451],[204.524,-155.238],[136.567,-121.176],[104.497,-99.483],[102.848,-100.912],[106.98,-109.539],[150.697,-181.421],[166.963,-200.764],[194.224,-212.875],[219.238,-216.597],[186.993,-217.964],[241.244,-278.618],[240.078,-279.709],[185.083,-228.132],[192.897,-260.396],[180.391,-228.104],[163.185,-212.473],[166.261,-227.821],[163.011,-236.198],[164.789,-265.562],[155.621,-220.358],[150.381,-199.956],[105.79,-137.153],[70.099,-64.274],[61.559,-38.965],[23.679,35.497],[9.546,61.583],[7.585,61.557],[4.737,55.443],[4.414,30.695],[7.079,-46.088],[15.268,-86.186],[20.303,-98.276],[31.205,-125.079],[87.553,-161.793],[97.542,-173.298],[74.341,-167.447],[73.984,-190.106],[85.828,-225.211],[91.327,-242.385],[90.363,-248.257],[74.877,-212.84],[66.282,-176.611],[57.3,-159.181],[49.494,-154.16],[30.64,-143.166],[30.659,-147.006],[36.14,-183.681],[39.695,-190.333],[53.869,-199.703],[62.324,-192.964],[63.293,-193.929],[61.946,-197.021],[61.864,-215.718],[63.507,-218.482],[71.378,-233.544],[69.949,-234.82],[65.786,-231.497],[56.58,-215.96],[45.265,-200.707],[35.95,-198.242],[21.379,-211.305],[21.005,-219.696],[46.576,-254.794],[50.649,-261.724],[49.311,-262.546],[17.287,-220.522],[16.568,-223.052],[32.062,-264.064],[62.149,-315.004],[87.251,-351.405],[105.976,-399.398],[106.024,-402.708],[100.696,-398.255],[90.962,-374.359],[70.222,-336.208],[54.194,-368.962],[49.83,-374.253],[48.178,-373.247],[51.171,-364.69],[64.897,-335.768],[63.437,-328.941],[38.417,-299.037],[24.004,-273.347],[21.977,-270.36],[20.502,-270.908],[28.211,-302.283],[43.479,-361.312],[37.108,-358.72],[26.683,-320.347],[19.347,-298.049],[11.75,-310.474],[-13.088,-353.925],[-18.357,-359.81],[-19.896,-358.631],[-17.901,-354.236],[9.29,-302.08],[12.756,-276.389],[10.846,-259.096],[6.365,-237.501],[-6.244,-254.941],[-3.713,-248.018],[2.099,-236.491],[-5.856,-224.09],[-21.533,-224.863],[-22.614,-228.427],[-39.442,-308.785],[-48.067,-378.964],[-46.064,-404.863],[-43.383,-418.662],[-51.788,-403.654],[-53.146,-408.772],[-59.463,-442.263],[-64.96,-445.92],[-64.736,-443.408],[-57.288,-398.052],[-53.855,-343.524],[-48.668,-286.943],[-34.191,-206.193],[-25.121,-170.21],[-19.7,-115.745],[-18.399,-20.858],[-18.585,-18.132],[-22.513,7.659],[-30.649,-1.502],[-32.538,-17.909],[-38.03,-38.044],[-56.231,-75.698],[-55.584,-82.55],[-44.605,-100.041],[-43.09,-111.112],[-62.468,-82.966],[-84.688,-108.871],[-103.995,-138.197],[-104.539,-141.078],[-98.98,-167.326],[-93.837,-196.65],[-96.614,-230.51],[-98.332,-234.115],[-100.113,-233.661],[-98.174,-205.557],[-99.758,-178.498],[-101.253,-178.129],[-112.126,-196.072],[-104.967,-171.607],[-109.482,-146.623],[-111.346,-146.351],[-129.441,-183.127],[-152.747,-237.448],[-156.033,-246.499],[-155.577,-271.388],[-153.231,-327.303],[-156.163,-369.005],[-159.268,-361.732],[-157.72,-311.639],[-160.757,-278.619],[-162.143,-278.564],[-162.979,-283.316],[-164.01,-283.255],[-164.01,-206.71],[-175.47,-222.768],[-182.516,-271.107],[-182.789,-278.788],[-180.37,-315.4],[-181.001,-321.889],[-182.56,-321.818],[-185.628,-289.195],[-193.117,-302.981],[-192.02,-295.23],[-187.971,-275.515],[-186.862,-256.253],[-204.394,-212.409],[-206.672,-215.216],[-230.934,-253.647],[-237.494,-255.089],[-235.06,-250.21],[-211.437,-210.266],[-192.564,-147.956],[-198.357,-152.259],[-235.532,-178.27],[-270.621,-215.465],[-298.635,-276.952],[-306.569,-295.546],[-308.221,-295.131],[-307.654,-289.456],[-302.319,-276.025],[-277.226,-212.209],[-275.33,-208.587],[-237.64,-167.147],[-208.077,-144.619],[-185.149,-126.974],[-174.956,-115.834],[-175.568,-114.162],[-197.462,-110.967],[-220.168,-110.576],[-241.733,-110.565],[-241.764,-109.555],[-211.14,-107.674],[-223.979,-95.075],[-223.105,-94.1],[-211.888,-103.303],[-204.932,-107.149],[-175.725,-110.379],[-171.174,-108.456],[-155.264,-82.539],[-194.175,-78.082],[-237.975,-84.745],[-239.118,-85.015],[-242.29,-87.787],[-242.759,-87.98],[-248.026,-96.192],[-261.541,-118.682],[-266.903,-123.028],[-267.305,-122.209],[-246.308,-84.521],[-258.723,-83.093],[-262.216,-81.051],[-258.424,-79.053],[-245.055,-79.711],[-236.952,-79.521],[-186.259,-28.728],[-218.399,-25.784],[-193.233,-23.291],[-165.411,-12.531],[-148.217,5.994],[-101.032,75.648],[-96.482,84.062],[-98.059,85.57],[-131.153,65.473],[-200.698,34.781],[-214.016,31.216],[-218.637,16.918],[-213.928,0.32],[-224.629,16.31],[-242.531,-23.641],[-227.056,23.635],[-354.451,-40.714],[-343.607,-29.871],[-253.733,19.622],[-249.467,23.574],[-281.937,17.512],[-282.32,19.021],[-269.499,22.92],[-230.15,33.58],[-221.282,45.115],[-220.767,55.591],[-311.853,59.187],[-268.366,61.304],[-178.719,70.492],[-159.688,78.08],[-123.228,98.609],[-110.359,102.027],[-88.485,110.807],[-84.16,116.275],[-70.588,152.515],[-66.255,160.788],[-87.842,151.934],[-99.952,144.642],[-109.288,130.645],[-117.552,116.334],[-106.826,146.65],[-125.524,136.803],[-161.111,110.163],[-149.845,121.832],[-137.452,133.499],[-100.981,155.956],[-60.247,173.394],[-50.391,186.813],[-33.995,219.286],[-22.656,265.19],[-22.652,265.436],[-36.332,446.514],[28.857,446.514],[19.656,299.125],[19.674,290.496],[48.785,213.56],[84.994,179.672],[106.976,164.499],[167.226,110.136],[215.338,49.989],[233.512,39.339],[274.448,18.089],[246.708,27.876],[237.76,27.056],[223.849,34.236],[234.144,13.394],[261.75,-7.513],[232.88,8.875],[267.334,-58.178],[265.964,-59.002],[222.579,9.836],[212.395,-20.79],[215.697,4.284],[211.554,33.825],[197.431,54.785],[140.348,116.589],[133.191,122.935],[131.364,121.743],[143.398,84.942],[157.451,10.236],[157.889,-3.544],[170.76,-11.299],[187.995,-10.493],[169.988,-17.272],[204.814,-43.799],[163.672,-21.339],[177.89,-92.688],[171.787,-69.215],[169.71,-63.728],[160.136,-44.858],[157.26,-39.804],[153.336,-59.459],[151.915,-18.716],[142.702,-7.455],[132.618,-4.567],[127.682,39.768],[124.626,60.028],[112.937,100.204],[112.539,113.512],[108.969,136.811],[104.629,142.268],[72.431,163.734],[65.361,169.836],[69.069,146.801],[73.412,133.349],[84.916,121.071],[96.97,109.766],[69.892,127.113],[75.223,106.664],[93.061,65.947],[84.264,79.573],[75.725,94.297],[62.161,134.923],[54.455,178.557],[43.633,191.209],[15.409,214.427],[14.941,160.121],[20.344,109.601],[23.963,94.027],[32.635,68.327],[41.485,50.841],[61.845,3.974],[71.033,-9.912],[110.863,-29.324],[146.19,-53.541],[157.996,-65.8],[168.677,-78.007],[134.438,-49.656],[116.245,-38.906],[125.473,-69.711],[117.921,-55.011],[109.281,-40.574],[97.542,-32.698],[76.416,-22.796],[80.338,-31.273],[92.119,-68.133],[96.17,-73.807],[117.588,-83.649],[130.275,-87.693],[164.103,-109.031],[166.428,-110.478],[184.108,-118.339],[273.411,-132.062],[316.742,-136.306],[225.588,-135.436],[225.59,-145.925],[233.883,-157.88],[272.662,-170.455],[285.277,-174.977],[284.82,-176.465],[252.687,-168.82],[256.753,-172.976],[344.096,-226.811]],"c":true},"ix":2},"nm":"Path 18","mn":"ADBE Vector Shape - Group","hd":false},{"ty":"mm","mm":1,"nm":"Merge Paths 1","mn":"ADBE Vector Filter - Merge","hd":false},{"ty":"mm","mm":4,"nm":"Merge Paths 2","mn":"ADBE Vector Filter - Merge","hd":false},{"ty":"fl","c":{"a":0,"k":[0.3,0.3,0.3,1],"ix":4},"o":{"a":0,"k":100,"ix":5},"r":1,"nm":"Fill 1","mn":"ADBE Vector Graphic - Fill","hd":false},{"ty":"tr","p":{"a":0,"k":[354.677,366.513],"ix":2},"a":{"a":0,"k":[0,0],"ix":1},"s":{"a":0,"k":[100,100],"ix":3},"r":{"a":0,"k":0,"ix":6},"o":{"a":0,"k":100,"ix":7},"sk":{"a":0,"k":0,"ix":4},"sa":{"a":0,"k":0,"ix":5},"nm":"Transform"}],"nm":"tree","np":21,"cix":2,"ix":24,"mn":"ADBE Vector Group","hd":false}],"ip":0,"op":180,"st":0,"bm":0}]}